id,label,timeset,followed,followers,tweets,favorites,time zone,componentnumber,modularity_class,indegree,outdegree,degree,weighted indegree,weighted outdegree,weighted degree,eccentricity,closnesscentrality,harmonicclosnesscentrality,betweenesscentrality,authority,hub,strongcompnum,pageranks,clustering,eigencentrality
bbcsport,bbcsport,,262,6592670,261762,156,Hawaii,0,4,2,1,3,2.0,1.0,3.0,0.0,0.0,0.0,0.0,0.0046275933,0.0,0,0.005260359488579124,0.5,0.008331168368241708
thevijaymallya,thevijaymallya,,214,5797553,8731,40,New Delhi,0,5,0,3,3,0.0,3.0,3.0,2.0,0.8,0.875,0.0,0.0,0.036082633,5,7.349083140198683E-4,0.0,0.0
lewishamilton,lewishamilton,,734,4258180,4260,2140,London,0,2,86,0,86,86.0,0.0,86.0,0.0,0.0,0.0,0.0,0.17633735,0.0,6,0.023861798859429493,0.008207933977246284,0.4216057854621322
podolski10,podolski10,,279,3225021,5996,1457,Amsterdam,0,0,4,0,4,4.0,0.0,4.0,0.0,0.0,0.0,0.0,0.0077001946,0.0,7,0.0014326111511823144,0.0,0.011769568163799335
shanewarne,shanewarne,,338,2940113,16558,10176,Melbourne,0,4,3,0,3,3.0,0.0,3.0,0.0,0.0,0.0,0.0,0.002985843,0.0,8,0.0011053305026199728,0.0,0.008827176122849502
skytg24,skytg24,,303,2772272,151920,138,Rome,0,2,4,0,4,4.0,0.0,4.0,0.0,0.0,0.0,0.0,0.010622343,0.0,9,0.0010929432794900126,0.0,0.012992760306970342
f1,f1,,55,2651994,30557,900,London,0,0,229,1,230,229.0,1.0,230.0,1.0,1.0,1.0,73.83333333333334,0.6040622,0.027435856,2,0.04255133582816723,0.0031327130272984505,0.7231904426105702
alo_oficial,alo_oficial,,69,2447878,5133,89,Madrid,0,2,17,0,17,17.0,0.0,17.0,0.0,0.0,0.0,0.0,0.022480784,0.0,10,0.0034823719543146756,0.0,0.052268551278980044
skysport,skysport,,1063,2212118,234210,4354,Rome,0,5,1,4,5,1.0,4.0,5.0,1.0,1.0,1.0,1.5,0.0013605342,0.010519454,14,9.431778176504492E-4,0.20000000298023224,0.0029423920409498336
aztecadeportes,aztecadeportes,,791,2051905,185685,545,Mexico City,0,3,5,2,7,5.0,2.0,7.0,1.0,1.0,1.0,0.0,0.012961392,0.055047724,15,0.0016721210803574823,0.261904776096344,0.014711960204749169
nico_rosberg,nico_rosberg,,2444,1920546,2416,525,Paris,0,1,14,0,14,14.0,0.0,14.0,0.0,0.0,0.0,0.0,0.029865999,0.0,16,0.0028130351443692984,0.0,0.04363987285963971
supersporttv,supersporttv,,529,1763334,272578,662,Pretoria,0,0,3,1,4,3.0,1.0,4.0,0.0,0.0,0.0,0.0,0.005053601,0.0,17,0.007648792052929842,0.3333333432674408,0.012496752552362555
mercedesamgf1,mercedesamgf1,,3849,1747424,68258,35822,London,0,2,127,3,130,127.0,3.0,130.0,1.0,1.0,1.0,142.0,0.31081745,0.019042263,19,0.030187020233156243,0.01471656933426857,0.5417927618358972
schecoperez,schecoperez,,136,1690086,3215,72,Central Time (US & Canada),0,7,9,0,9,9.0,0.0,9.0,0.0,0.0,0.0,0.0,0.009525509,0.0,20,0.004035112013051964,0.0416666679084301,0.035893907183460805
redbullracing,redbullracing,,13975,1650357,13893,5359,London,0,4,28,1,29,28.0,1.0,29.0,0.0,0.0,0.0,0.0,0.0610484,0.0,21,0.028461201882694052,0.03703703731298447,0.11930507622179756
scuderiaferrari,scuderiaferrari,,36,1639239,41434,981,Rome,0,3,232,0,232,232.0,0.0,232.0,0.0,0.0,0.0,0.0,0.60021156,0.0,1,0.08362146250857301,0.0032654127571731806,1.0
mclarenf1,mclarenf1,,32429,1416886,22725,6207,London,0,0,22,0,22,22.0,0.0,22.0,0.0,0.0,0.0,0.0,0.05016526,0.0,22,0.003720213380321067,0.0,0.06840220133040922
aussiegrit,aussiegrit,,277,1278140,4447,1749,London,0,6,6,0,6,6.0,0.0,6.0,0.0,0.0,0.0,0.0,0.01507239,0.0,23,0.0015348525438736902,0.0,0.017654352245699004
massafelipe19,massafelipe19,,384,1062885,2124,89,Brasilia,0,5,9,0,9,9.0,0.0,9.0,0.0,0.0,0.0,0.0,0.026486067,0.0,24,0.0013252652895363807,0.0,0.027704720511719523
danielricciardo,danielricciardo,,179,1055712,2135,346,,0,4,27,0,27,27.0,0.0,27.0,0.0,0.0,0.0,0.0,0.059848297,0.0,11,0.007409733671893361,0.008547008968889713,0.12990938384446651
channel4,channel4,,8923,844678,37352,3905,London,0,6,4,0,4,4.0,0.0,4.0,0.0,0.0,0.0,0.0,0.008507605,0.0,25,0.001222448288427819,0.0,0.011769568163799335
renaultsportf1,renaultsportf1,,2899,832157,54438,9496,London,0,5,11,0,11,11.0,0.0,11.0,0.0,0.0,0.0,0.0,0.03192331,0.0,26,0.0019162480969296637,0.0,0.03461419903328111
skysportsf1,skysportsf1,,132,698102,37460,7976,London,0,0,16,0,16,16.0,0.0,16.0,0.0,0.0,0.0,0.0,0.046480343,0.0,27,0.0028846598192976453,0.0,0.04707827265519734
williamsracing,williamsracing,,297,697359,28519,167,London,0,5,10,0,10,10.0,0.0,10.0,0.0,0.0,0.0,0.0,0.030180374,0.0,28,0.0014294000413516712,0.0,0.030647112552669355
hulkhulkenberg,hulkhulkenberg,,45,631333,818,168,Bern,0,5,6,0,6,6.0,0.0,6.0,0.0,0.0,0.0,0.0,0.01924499,0.0,29,0.0012932665115083647,0.0,0.01990223882853192
therealdcf1,therealdcf1,,324,570821,2760,466,,0,6,6,0,6,6.0,0.0,6.0,0.0,0.0,0.0,0.0,0.019913701,0.0,30,0.0013261097004621308,0.0,0.017654352245699004
rtlde,rtlde,,3285,544623,13189,6107,Bern,0,0,5,0,5,5.0,0.0,5.0,0.0,0.0,0.0,0.0,0.0078104096,0.0,31,0.0016408806548128953,0.0,0.014711960204749169
forceindiaf1,forceindiaf1,,489,530743,29170,2000,London,0,5,35,0,35,35.0,0.0,35.0,0.0,0.0,0.0,0.0,0.095528714,0.0,3,0.005453740268980093,0.0,0.10543010571958637
sauberf1team,sauberf1team,,336,489764,17809,7179,Bern,0,5,5,0,5,5.0,0.0,5.0,0.0,0.0,0.0,0.0,0.016450623,0.0,32,0.001155674408008622,0.0,0.015935152347920176
max33verstappen,max33verstappen,,305,477324,1006,620,Belgrade,0,4,18,0,18,18.0,0.0,18.0,0.0,0.0,0.0,0.0,0.053731516,0.0,33,0.002793968361711044,0.003267973894253373,0.05398775117675892
tororossospy,tororossospy,,641,447107,7089,4031,London,0,5,19,0,19,19.0,0.0,19.0,0.0,0.0,0.0,0.0,0.037873715,0.0,34,0.002950224096092186,0.0,0.06079821735073068
laaficion,laaficion,,95,364800,356230,32,Mexico City,0,7,3,1,4,3.0,1.0,4.0,1.0,1.0,1.0,0.0,0.0041752607,4.354139E-4,35,0.0012035146971886752,0.25,0.008827176122849502
valtteribottas,valtteribottas,,115,308154,2687,8012,London,0,2,96,0,96,96.0,0.0,96.0,0.0,0.0,0.0,0.0,0.24024837,0.0,18,0.024581270260674946,0.0071271928027272224,0.45122820357513965
fia,fia,,523,299261,4599,128,Athens,0,6,5,0,5,5.0,0.0,5.0,0.0,0.0,0.0,0.0,0.007557092,0.0,36,0.0018816498158813193,0.05000000074505806,0.02572068949328834
carlossainz55,carlossainz55,,317,271328,6657,1367,Madrid,0,5,7,0,7,7.0,0.0,7.0,0.0,0.0,0.0,0.0,0.017766675,0.0,37,0.0013978989070660035,0.0,0.023043128572990852
aztecaguate,aztecaguate,,507,258733,66985,12564,Central Time (US & Canada),0,0,2,1,3,2.0,1.0,3.0,0.0,0.0,0.0,0.0,0.00252151,0.0,38,0.006266015305147846,0.5,0.008331168368241708
mercedesbenzmx,mercedesbenzmx,,497,190529,11861,5049,Mexico City,0,2,3,0,3,3.0,0.0,3.0,0.0,0.0,0.0,0.0,0.009847039,0.0,39,0.0010299567774965245,0.0,0.008827176122849502
haasf1team,haasf1team,,213,175220,6213,2486,Eastern Time (US & Canada),0,5,3,0,3,3.0,0.0,3.0,0.0,0.0,0.0,0.0,0.010360481,0.0,40,9.426715065682553E-4,0.0,0.010050368266020524
a3formula1,a3formula1,,277,128730,27452,20,,0,7,8,1,9,8.0,1.0,9.0,0.0,0.0,0.0,0.0,0.009375205,0.0,41,0.013516085876335373,0.125,0.036215727319451864
ericsson_marcus,ericsson_marcus,,173,123449,1733,105,,0,5,4,0,4,4.0,0.0,4.0,0.0,0.0,0.0,0.0,0.013900008,0.0,42,9.474049043780412E-4,0.0,0.012992760306970342
f1_vettel,f1_vettel,,3,120412,7459,0,London,0,3,3,0,3,3.0,0.0,3.0,0.0,0.0,0.0,0.0,0.008723519,0.0,43,0.0012208704891578904,0.0,0.008827176122849502
kvyatofficial,kvyatofficial,,196,117094,2885,151,Greenland,0,5,13,0,13,13.0,0.0,13.0,0.0,0.0,0.0,0.0,0.023234144,0.0,44,0.0028114496208440287,0.0,0.04314386510503191
f1latinamerica,f1latinamerica,,139,107677,10008,7163,,0,0,8,1,9,8.0,1.0,9.0,0.0,0.0,0.0,0.0,0.012265249,0.0,45,0.012602522804553415,0.125,0.03477020039620931
hondaracingf1,hondaracingf1,,127,101850,4616,4968,Dublin,0,0,4,0,4,4.0,0.0,4.0,0.0,0.0,0.0,0.0,0.008155376,0.0,46,0.0011886383040722052,0.0,0.011769568163799335
pirellisport,pirellisport,,325,98222,9677,1716,Amsterdam,0,7,19,0,19,19.0,0.0,19.0,0.0,0.0,0.0,0.0,0.03527761,0.0,47,0.004259438378539258,0.005847953259944916,0.06813737020975694
f1fanatic_co_uk,f1fanatic_co_uk,,1012,94643,79003,2086,London,0,5,8,1,9,8.0,1.0,9.0,0.0,0.0,0.0,0.0,0.018593773,0.0,48,0.009283281666722668,0.125,0.034547865616137916
motorsport,motorsport,,1979,94196,48022,1298,Eastern Time (US & Canada),0,8,7,1,8,7.0,1.0,8.0,0.0,0.0,0.0,0.0,0.007826425,0.0,49,0.019298038702166908,0.1666666716337204,0.03885336600034953
svandoorne,svandoorne,,282,89362,2918,644,Brussels,0,0,26,0,26,26.0,0.0,26.0,0.0,0.0,0.0,0.0,0.07252076,0.0,50,0.0035341077505156595,0.0,0.08017176949420855
clarosports,clarosports,,467,85942,120934,14842,Mexico City,0,7,1,2,3,1.0,2.0,3.0,1.0,1.0,1.0,0.0,0.0,4.354139E-4,51,0.0012783528723108596,0.5,0.004165584184120854
skysportf1hd,skysportf1hd,,401,80791,33657,1171,Amsterdam,0,2,32,3,35,32.0,3.0,35.0,1.0,1.0,1.0,73.5,0.049579475,0.008253162,13,0.006272483247205203,0.020168067887425423,0.09863042250001797
beltramopaolo,beltramopaolo,,725,80667,17374,410,,0,5,0,3,3,0.0,3.0,3.0,2.0,0.8,0.875,0.0,0.0,0.0077837706,52,7.349083140198683E-4,0.3333333432674408,0.0
momentses,momentses,,10,80633,13770,129,Mexico City,0,7,4,1,5,4.0,1.0,5.0,0.0,0.0,0.0,0.0,0.005356051,0.0,53,0.007648792052929841,0.25,0.016662336736483416
vettel_formel1,vettel_formel1,,754,76431,9568,2001,Amsterdam,0,8,12,2,14,12.0,2.0,14.0,1.0,1.0,1.0,2.333333333333333,0.01675719,0.027435856,54,0.0036474831999321585,0.12179487198591232,0.053703303047137094
noemidemiguel,noemidemiguel,,892,72428,28912,265,Madrid,0,7,4,0,4,4.0,0.0,4.0,0.0,0.0,0.0,0.0,2.998568E-4,0.0,55,0.0015679863285421919,0.0,0.011769568163799335
c4f1,c4f1,,135,69649,10759,4377,London,0,6,13,2,15,13.0,2.0,15.0,1.0,1.0,1.0,9.0,0.029702596,0.0027356842,56,0.003876731475008241,0.08791209012269974,0.05415259439357107
sebvettelnews,sebvettelnews,,435,67693,26475,5031,Athens,0,3,43,0,43,43.0,0.0,43.0,0.0,0.0,0.0,0.0,0.086117506,0.0,57,0.007564825695640469,5.537098622880876E-4,0.12999393648684707
telemetricof1,telemetricof1,,552,60660,19603,346,Buenos Aires,0,7,5,0,5,5.0,0.0,5.0,0.0,0.0,0.0,0.0,0.007199679,0.0,58,0.001377072616880826,0.0,0.014711960204749169
santiravidlaspy,santiravidlaspy,,1082,54568,10236,1640,Santiago,0,0,0,4,4,0.0,4.0,4.0,1.0,1.0,1.0,0.0,0.0,0.055756718,59,7.349083140198683E-4,0.0833333358168602,0.0
ausgrandprix,ausgrandprix,,1193,50232,10299,7185,Melbourne,0,0,47,0,47,47.0,0.0,47.0,0.0,0.0,0.0,0.0,0.13146384,0.0,60,0.006822881445707032,0.0,0.1395156180678133
dexpress_sport,dexpress_sport,,312,47139,81538,54,London,0,3,2,1,3,2.0,1.0,3.0,0.0,0.0,0.0,0.0,0.003136196,0.0,61,0.0055746269312568495,0.5,0.008331168368241708
movistar_f1,movistar_f1,,152,47110,10435,1691,Madrid,0,7,5,0,5,5.0,0.0,5.0,0.0,0.0,0.0,0.0,3.0048462E-4,0.0,62,0.002488996749707784,0.0,0.020827920920604256
mexicogp,mexicogp,,560,42821,14525,4744,Mexico City,0,3,4,1,5,4.0,1.0,5.0,0.0,0.0,0.0,0.0,0.0051438515,0.0,63,0.008685874613766338,0.25,0.016662336736483416
f1gate,f1gate,,180,42177,44322,42,Tokyo,0,3,2,1,3,2.0,1.0,3.0,0.0,0.0,0.0,0.0,0.0027018224,0.0,64,0.005920321118202348,0.5,0.008331168368241708
suttonimages,suttonimages,,1687,41939,15492,4442,London,0,2,15,0,15,15.0,0.0,15.0,0.0,0.0,0.0,0.0,0.031115886,0.0,65,0.0032218355232813945,0.0,0.04413588061424751
paddylowe,paddylowe,,60,39218,289,399,,0,5,3,0,3,3.0,0.0,3.0,0.0,0.0,0.0,0.0,0.014305058,0.0,66,8.310985581947299E-4,0.0,0.010050368266020524
wtf1official,wtf1official,,705,37302,18671,463,London,0,0,17,0,17,17.0,0.0,17.0,0.0,0.0,0.0,0.0,0.03525838,0.0,67,0.003312605230493007,0.0,0.05124385683931813
oconesteban,oconesteban,,368,36804,1411,1454,London,0,5,38,0,38,38.0,0.0,38.0,0.0,0.0,0.0,0.0,0.089785405,0.0,4,0.007751523390384942,0.006401137914508581,0.15269059795357542
soymotor,soymotor,,250,36673,36777,2598,Madrid,0,3,4,1,5,4.0,1.0,5.0,0.0,0.0,0.0,0.0,0.0019179018,0.0,68,0.008633807237858693,0.25,0.017885528879654437
bah_int_circuit,bah_int_circuit,,1912,33827,4354,1494,Kuwait,0,8,4,0,4,4.0,0.0,4.0,0.0,0.0,0.0,0.0,0.0046288124,0.0,69,0.0020593935625222025,0.0,0.01381895704312315
f1_images,f1_images,,1869,33784,7460,15229,London,0,5,0,11,11,0.0,11.0,11.0,2.0,0.8666666666666667,0.9230769230769231,0.0,0.0,0.05821583,70,7.349083140198683E-4,0.0,0.0
deejayone,deejayone,,1360,32951,14903,957,London,0,4,2,1,3,2.0,1.0,3.0,1.0,1.0,1.0,0.0,0.0030343581,1.3870145E-4,71,0.005260359488579124,0.5,0.008331168368241708
nissan_msport,nissan_msport,,445,31276,414,4243,Melbourne,0,3,3,0,3,3.0,0.0,3.0,0.0,0.0,0.0,0.0,0.0015398365,0.0,72,0.0012407056799798504,0.0,0.008827176122849502
laf1surcanal,laf1surcanal,,346,26823,3570,419,Paris,0,7,13,0,13,13.0,0.0,13.0,0.0,0.0,0.0,0.0,0.01966271,0.0,73,0.0028922572772791975,0.0,0.03927579097200976
torillo59,torillo59,,29223,26574,288177,181339,Amsterdam,0,2,0,4,4,0.0,4.0,4.0,4.0,0.48,0.611111111111111,0.0,0.0,0.033709038,77,7.349083140198683E-4,0.0,0.0
elegbete1,elegbete1,,3233,26101,79302,5796,London,0,2,0,3,3,0.0,3.0,3.0,1.0,1.0,1.0,0.0,0.0,0.033249825,78,7.349083140198683E-4,0.3333333432674408,0.0
managerchampion,managerchampion,,12520,24228,21113,91,Brasilia,0,2,4,2,6,4.0,2.0,6.0,1.0,1.0,1.0,0.0,0.0060485476,0.019042263,79,0.0014846785270899595,0.2666666805744171,0.011769568163799335
aus_airforce,aus_airforce,,1189,23087,11090,2920,Sydney,0,4,6,0,6,6.0,0.0,6.0,0.0,0.0,0.0,0.0,0.014624916,0.0,80,0.0015274143473154552,0.0,0.017654352245699004
enricotornello,enricotornello,,1071,22153,17468,1951,Buenos Aires,0,7,14,1,15,14.0,1.0,15.0,0.0,0.0,0.0,0.0,0.01992983,0.0,81,0.020070736909639526,0.0714285746216774,0.06098689764410539
iceman7news,iceman7news,,1958,20123,6131,10008,Helsinki,0,8,4,0,4,4.0,0.0,4.0,0.0,0.0,0.0,0.0,0.008293155,0.0,82,0.0013284763993670237,0.0,0.011769568163799335
f1writers,f1writers,,736,18943,64994,15330,Madrid,0,1,5,2,7,5.0,2.0,7.0,1.0,1.0,1.0,4.0,0.007665745,1.3735245E-5,83,0.0021664494989552287,0.1666666716337204,0.020827920920604256
simply_formula,simply_formula,,934,17246,77108,33234,Quito,0,5,2,1,3,2.0,1.0,3.0,0.0,0.0,0.0,0.0,8.412803E-4,0.0,84,0.005688639065643441,0.5,0.009776695291484215
thomassenecal,thomassenecal,,780,16618,2282,33,,0,7,1,2,3,1.0,2.0,3.0,1.0,1.0,1.0,2.0,0.0011538367,0.028334644,85,9.431778176504492E-4,0.0,0.0029423920409498336
michaelcarus0,michaelcarus0,,80,14588,1510,6118,Melbourne,0,3,3,0,3,3.0,0.0,3.0,0.0,0.0,0.0,0.0,0.0015398365,0.0,86,0.0012407056799798504,0.0,0.008827176122849502
momentsau,momentsau,,111,12267,6679,20,Pacific Time (US & Canada),0,2,4,0,4,4.0,0.0,4.0,0.0,0.0,0.0,0.0,0.011761221,0.0,87,0.0013332097971768097,0.0,0.011769568163799335
anto_giovinazzi,anto_giovinazzi,,375,11542,1676,4757,Bangkok,0,5,21,0,21,21.0,0.0,21.0,0.0,0.0,0.0,0.0,0.030919913,0.0,12,0.005821397918051455,0.02380952425301075,0.10562920965743108
fansofkr,fansofkr,,165,11297,19089,9745,Baghdad,0,8,4,1,5,4.0,1.0,5.0,0.0,0.0,0.0,0.0,0.0056869457,0.0,88,0.007342605773063828,0.25,0.016662336736483416
kl_motorsport,kl_motorsport,,1846,11145,8651,8086,London,0,0,3,0,3,3.0,0.0,3.0,0.0,0.0,0.0,0.0,0.008718784,0.0,89,0.0011097934205549138,0.0,0.008827176122849502
dan_rigsby,dan_rigsby,,9577,10948,103262,33304,UTC,0,5,1,3,4,1.0,3.0,4.0,1.0,1.0,1.0,3.0,6.63534E-4,0.0031888457,90,8.390430658351588E-4,0.0,0.0029423920409498336
wakeupmob,wakeupmob,,10671,10939,100341,37786,Adelaide,0,4,0,11,11,0.0,11.0,11.0,2.0,0.9230769230769231,0.9583333333333334,0.0,0.0,0.06624386,94,7.349083140198683E-4,0.027272727340459824,0.0
cheekycorini,cheekycorini,,6559,10135,91279,69212,London,0,5,0,33,33,0.0,33.0,33.0,1.0,1.0,1.0,0.0,0.0,0.13724181,95,7.349083140198683E-4,0.0037878789007663727,0.0
beglamourf1,beglamourf1,,7880,9177,38193,20240,Amsterdam,0,0,0,4,4,0.0,4.0,4.0,1.0,1.0,1.0,0.0,0.0,0.06832262,96,7.349083140198683E-4,0.0833333358168602,0.0
mattzel89,mattzel89,,115,8647,23458,1476,Berlin,0,8,6,0,6,6.0,0.0,6.0,0.0,0.0,0.0,0.0,0.0083573805,0.0,97,0.00140375877821695,0.0,0.017654352245699004
automovilclick,automovilclick,,8617,8307,15799,792,Santiago,0,7,0,4,4,0.0,4.0,4.0,2.0,0.75,0.8333333333333334,0.0,0.0,0.0019367761,100,7.349083140198683E-4,0.0,0.0
micholspalag,micholspalag,,7640,7631,20268,1263,Mexico City,0,0,0,3,3,0.0,3.0,3.0,2.0,0.8,0.875,0.0,0.0,0.05546968,103,7.349083140198683E-4,0.3333333432674408,0.0
motorlat,motorlat,,253,7530,33091,4858,Buenos Aires,0,7,9,3,12,9.0,3.0,12.0,1.0,1.0,1.0,13.0,0.011370162,0.0019579872,99,0.002502987168379219,0.11818181723356247,0.03749025765708768
evenstarsaima,evenstarsaima,,245,7320,25181,12162,Pacific Time (US & Canada),0,7,0,3,3,0.0,3.0,3.0,1.0,1.0,1.0,0.0,0.0,0.056660276,104,7.349083140198683E-4,0.1666666716337204,0.0
essaargp,essaargp,,618,7103,277,1103,London,0,1,3,0,3,3.0,0.0,3.0,0.0,0.0,0.0,0.0,2.7706944E-6,0.0,105,0.0027811146326561006,0.3333333432674408,0.01587843288099879
f1rai,f1rai,,276,7084,3203,1890,Rome,0,0,3,0,3,3.0,0.0,3.0,0.0,0.0,0.0,0.0,0.008085008,0.0,106,0.0010803639091301438,0.0,0.011273560409191547
bravofernandof1,bravofernandof1,,545,6643,17920,356,Madrid,0,3,3,1,4,3.0,1.0,4.0,0.0,0.0,0.0,0.0,0.0026360815,0.0,107,0.00764879205292984,0.3333333432674408,0.012496752552362555
motorsport_it,motorsport_it,,905,6381,53287,67,Rome,0,7,3,4,7,3.0,4.0,7.0,2.0,0.8,0.875,6.0,0.0014126835,0.0321514,108,0.0014346233239302866,0.1666666716337204,0.013942279475605066
f1hub,f1hub,,5724,6106,2000,268,Eastern Time (US & Canada),0,4,3,1,4,3.0,1.0,4.0,0.0,0.0,0.0,0.0,0.0034714544,0.0,93,0.006090025537248319,0.3333333432674408,0.012496752552362555
udithaumesh,udithaumesh,,611,6035,106734,411,Sri Jayawardenepura,0,6,0,3,3,0.0,3.0,3.0,2.0,0.8,0.875,0.0,0.0,0.005058517,109,7.349083140198683E-4,0.0,0.0
2323232gshgsh,2323232gshgsh,,5917,5871,34759,91,,0,4,0,3,3,0.0,3.0,3.0,1.0,1.0,1.0,0.0,0.0,0.0061947345,110,7.349083140198683E-4,0.0,0.0
gianludale27,gianludale27,,98,5652,4855,196,Rome,0,8,19,1,20,19.0,1.0,20.0,0.0,0.0,0.0,0.0,0.041711982,0.0,92,0.022304518231839113,0.05263157933950424,0.08059162642153873
mralexf1,mralexf1,,294,5573,120267,34419,Athens,0,3,6,0,6,6.0,0.0,6.0,0.0,0.0,0.0,0.0,0.0077849776,0.0,111,0.0017450154066281855,0.0,0.017654352245699004
jb5estrelas,jb5estrelas,,3052,5295,83984,290,Mid-Atlantic,0,2,0,3,3,0.0,3.0,3.0,1.0,1.0,1.0,0.0,0.0,0.019318743,112,7.349083140198683E-4,0.3333333432674408,0.0
mamamadisons,mamamadisons,,5530,5238,165600,196483,Pacific Time (US & Canada),0,2,0,3,3,0.0,3.0,3.0,2.0,0.8,0.875,0.0,0.0,0.023690313,113,7.349083140198683E-4,0.1666666716337204,0.0
nicoleninaf1,nicoleninaf1,,1602,5059,24153,21681,Amsterdam,0,0,0,7,7,0.0,7.0,7.0,2.0,0.8888888888888888,0.9375,0.0,0.0,0.042241197,114,7.349083140198683E-4,0.0,0.0
andersonlaura12,andersonlaura12,,2852,4511,62125,34989,Edinburgh,0,0,9,1,10,9.0,1.0,10.0,0.0,0.0,0.0,0.0,0.012571317,0.0,115,0.010879603138443035,0.1111111119389534,0.03749025765708768
alexs1man,alexs1man,,4083,4487,83869,49594,London,0,8,3,3,6,3.0,3.0,6.0,1.0,1.0,1.0,4.0,0.002242987,3.5849737E-4,117,0.0015038139325004017,0.25,0.013942279475605066
_helenahicks,_helenahicks,,927,4450,14871,2676,Amsterdam,0,1,1,2,3,1.0,2.0,3.0,2.0,0.6666666666666666,0.75,0.0,5.5007763E-6,1.1983386E-4,121,8.91110441742804E-4,0.5,0.0029423920409498336
soul23man,soul23man,,4896,4422,24578,8818,Buenos Aires,0,0,0,3,3,0.0,3.0,3.0,2.0,0.7142857142857143,0.8,0.0,0.0,0.028594473,122,7.349083140198683E-4,0.1666666716337204,0.0
xvillalba1,xvillalba1,,3037,4257,221634,4898,Eastern Time (US & Canada),0,2,0,4,4,0.0,4.0,4.0,2.0,0.8333333333333334,0.9,0.0,0.0,0.06086169,123,7.349083140198683E-4,0.1666666716337204,0.0
toddkellyracing,toddkellyracing,,22,4220,144,7,Melbourne,0,3,3,0,3,3.0,0.0,3.0,0.0,0.0,0.0,0.0,0.0015398365,0.0,124,0.0012407056799798504,0.0,0.008827176122849502
crazymkenya,crazymkenya,,664,4093,88545,499,Nairobi,0,2,0,3,3,0.0,3.0,3.0,2.0,0.7142857142857143,0.8,0.0,0.0,0.05280126,125,7.349083140198683E-4,0.1666666716337204,0.0
graftechweb,graftechweb,,2675,4046,13631,881,Rome,0,8,5,3,8,5.0,3.0,8.0,2.0,0.6666666666666666,0.75,6.333333333333334,0.008040059,0.027920043,128,0.0011536567212129944,0.1666666716337204,0.01789357138482408
habraham15,habraham15,,4071,3988,65740,14410,Central Time (US & Canada),0,7,0,4,4,0.0,4.0,4.0,2.0,0.7,0.7857142857142857,0.0,0.0,0.02994139,129,7.349083140198683E-4,0.0,0.0
alexander_arold,alexander_arold,,1539,3799,35840,49087,Santiago,0,2,0,4,4,0.0,4.0,4.0,2.0,0.8333333333333334,0.9,0.0,0.0,0.08023711,130,7.349083140198683E-4,0.1666666716337204,0.0
arradmanesh,arradmanesh,,3639,3761,3711,9461,,0,0,0,5,5,0.0,5.0,5.0,2.0,0.8571428571428571,0.9166666666666666,0.0,0.0,0.04214372,131,7.349083140198683E-4,0.0,0.0
scuderia7,scuderia7,,2251,3680,22469,9969,London,0,4,7,1,8,7.0,1.0,8.0,0.0,0.0,0.0,0.0,0.014458456,0.0,91,0.010353587176242804,0.1428571492433548,0.029159089288845953
kimsterindo,kimsterindo,,433,3431,32683,4785,Jakarta,0,8,4,0,4,4.0,0.0,4.0,0.0,0.0,0.0,0.0,0.0064098234,0.0,132,0.0012051589301120746,0.0,0.011769568163799335
srose93,srose93,,3369,3300,31012,50,Europe/London,0,8,2,2,4,2.0,2.0,4.0,1.0,1.0,1.0,0.0,1.6387043E-5,3.5774833E-4,116,0.002019784773805767,0.5,0.012915995886425648
franckdeabreu,franckdeabreu,,5001,3288,157205,80909,Paris,0,0,0,4,4,0.0,4.0,4.0,2.0,0.8333333333333334,0.9,0.0,0.0,0.04334285,133,7.349083140198683E-4,0.0,0.0
motorsport_ed,motorsport_ed,,150,3287,14063,1791,Amsterdam,0,8,1,2,3,1.0,2.0,3.0,1.0,1.0,1.0,0.0,0.0,3.5774833E-4,134,0.0012783528723108596,0.5,0.004165584184120854
masterlap_com,masterlap_com,,384,3252,5110,278,Pacific Time (US & Canada),0,2,3,3,6,3.0,3.0,6.0,1.0,1.0,1.0,2.0,0.0023465054,0.019042263,135,0.0014130755458289343,0.30000001192092896,0.012496752552362555
soy_f1,soy_f1,,183,3249,10870,11450,Madrid,0,7,5,0,5,5.0,0.0,5.0,0.0,0.0,0.0,0.0,0.004138114,0.0,98,0.0018603890285717516,0.05000000074505806,0.016959846787582087
marcoasfalto,marcoasfalto,,2544,3174,23462,20035,,0,8,1,5,6,1.0,5.0,6.0,2.0,0.8571428571428571,0.9166666666666666,4.0,0.0012762301,0.0033402126,128,0.0010618570639626982,0.05000000074505806,0.00854546064314352
ruizecheverria,ruizecheverria,,1698,3030,17021,140,Mexico City,0,3,1,2,3,1.0,2.0,3.0,1.0,1.0,1.0,0.0,0.0,0.027435856,136,0.0012783528723108596,0.5,0.004165584184120854
altavelocidadtv,altavelocidadtv,,2545,2993,7665,3645,Mountain Time (US & Canada),0,7,2,3,5,2.0,3.0,5.0,1.0,1.0,1.0,1.0,0.001267938,0.055047724,137,0.0013161945127133535,0.4166666567325592,0.008331168368241708
alessandrosala1,alessandrosala1,,3517,2983,73675,17666,,0,8,6,0,6,6.0,0.0,6.0,0.0,0.0,0.0,0.0,0.00931629,0.0,126,0.0014806054711558243,0.20000000298023224,0.026439032027967626
jaxx_f1,jaxx_f1,,2862,2983,10626,8881,Casablanca,0,8,2,1,3,2.0,1.0,3.0,1.0,1.0,1.0,2.0,0.0023778758,2.1158444E-4,138,9.760624761184357E-4,0.0,0.005884784081899667
proassad,proassad,,3575,2834,545147,3622,Wellington,0,4,0,11,11,0.0,11.0,11.0,2.0,0.9230769230769231,0.9583333333333334,0.0,0.0,0.1012373,139,7.349083140198683E-4,0.0181818176060915,0.0
mynameisdomii,mynameisdomii,,1038,2807,11629,16460,Warsaw,0,2,0,3,3,0.0,3.0,3.0,1.0,1.0,1.0,0.0,0.0,0.033249825,140,7.349083140198683E-4,0.3333333432674408,0.0
formula1fanzone,formula1fanzone,,294,2624,14775,22863,Buenos Aires,0,3,3,1,4,3.0,1.0,4.0,0.0,0.0,0.0,0.0,0.003883686,0.0,141,0.00764879205292984,0.3333333432674408,0.012496752552362555
vineshvnair,vineshvnair,,1894,2549,8277,2057,Abu Dhabi,0,8,1,2,3,1.0,2.0,3.0,1.0,1.0,1.0,0.0,0.0,0.0019066676,142,0.0012783528723108596,0.5,0.004165584184120854
kingkongtv,kingkongtv,,464,2486,12232,9274,Pacific Time (US & Canada),0,0,0,3,3,0.0,3.0,3.0,1.0,1.0,1.0,0.0,0.0,0.05516298,143,7.349083140198683E-4,0.1666666716337204,0.0
elierizkf1,elierizkf1,,998,2414,43447,34756,Istanbul,0,3,3,1,4,3.0,1.0,4.0,1.0,1.0,1.0,0.0,0.0078856805,0.027435856,144,0.0010541635399799033,0.25,0.008827176122849502
tientamle,tientamle,,3422,2411,44017,57522,Hanoi,0,4,0,3,3,0.0,3.0,3.0,1.0,1.0,1.0,0.0,0.0,0.0061947345,145,7.349083140198683E-4,0.0,0.0
lovemaurizio,lovemaurizio,,502,2406,3106,3824,,0,8,5,0,5,5.0,0.0,5.0,0.0,0.0,0.0,0.0,0.008040059,0.0,127,0.0011536567212129944,0.0,0.01789357138482408
lzlark,lzlark,,2976,2398,5029,3184,Central Time (US & Canada),0,5,0,6,6,0.0,6.0,6.0,2.0,0.875,0.9285714285714286,0.0,0.0,0.03443685,146,7.349083140198683E-4,0.0,0.0
zaharamossman,zaharamossman,,3303,2343,19204,8107,Eastern Time (US & Canada),0,2,0,5,5,0.0,5.0,5.0,2.0,0.7777777777777778,0.8571428571428571,0.0,0.0,0.07169956,147,7.349083140198683E-4,0.05000000074505806,0.0
ryanlores,ryanlores,,4995,2256,33421,9810,Eastern Time (US & Canada),0,4,0,4,4,0.0,4.0,4.0,3.0,0.6153846153846154,0.7291666666666666,0.0,0.0,0.0069924546,149,7.349083140198683E-4,0.1666666716337204,0.0
rach_f1,rach_f1,,808,2229,12784,236,New Delhi,0,8,1,3,4,1.0,3.0,4.0,2.0,0.6,0.6666666666666666,0.0,0.0,1.02742306E-4,151,0.0010255514133666109,0.3333333432674408,0.004165584184120854
bellatmg,bellatmg,,2346,2214,95512,172987,,0,4,0,3,3,0.0,3.0,3.0,2.0,0.8,0.875,0.0,0.0,0.04104978,152,7.349083140198683E-4,0.0,0.0
petersaddicted,petersaddicted,,1841,2190,37726,17879,Rome,0,3,0,3,3,0.0,3.0,3.0,3.0,0.4583333333333333,0.5606060606060607,0.0,0.0,0.02809268,156,7.349083140198683E-4,0.1666666716337204,0.0
forof1paraguay,forof1paraguay,,101,2128,7103,372,La Paz,0,0,6,3,9,6.0,3.0,9.0,2.0,0.75,0.8333333333333334,3.0,0.009231118,0.027913598,102,0.002139456883632227,0.25,0.026439032027967598
ashdawson147,ashdawson147,,2423,2118,120385,79124,London,0,0,1,8,9,1.0,8.0,9.0,2.0,0.8888888888888888,0.9375,0.0,0.0,0.0874568,157,8.222970227959185E-4,0.1607142835855484,0.004165584184120854
sadler08,sadler08,,2918,2057,10460,194,,0,6,0,4,4,0.0,4.0,4.0,2.0,0.75,0.8333333333333334,0.0,0.0,0.05398296,158,7.349083140198683E-4,0.0833333358168602,0.0
russellstranspo,russellstranspo,,5000,2026,2279,7076,London,0,7,1,2,3,1.0,2.0,3.0,1.0,1.0,1.0,0.0,0.0,4.285435E-4,159,0.0012783528723108596,0.5,0.004165584184120854
simongbrooks,simongbrooks,,1498,2009,34015,25042,,0,0,1,2,3,1.0,2.0,3.0,1.0,1.0,1.0,0.0,0.0,0.0022930694,160,0.0012783528723108596,0.5,0.004165584184120854
stevestevens47,stevestevens47,,55,1999,574916,250,London,0,5,1,20,21,1.0,20.0,21.0,2.0,0.9130434782608695,0.9523809523809523,0.0,0.0,0.074194156,161,7.675357876061759E-4,0.05000000074505806,0.004165584184120854
spinosoangelo,spinosoangelo,,4999,1907,71144,2293,,0,8,0,6,6,0.0,6.0,6.0,2.0,0.6875,0.7727272727272727,0.0,0.0,0.003404787,162,7.349083140198683E-4,0.03333333507180214,0.0
allthingsvettel,allthingsvettel,,398,1905,8022,4143,London,0,3,10,0,10,10.0,0.0,10.0,0.0,0.0,0.0,0.0,0.018668044,0.0,163,0.0022401669010774284,0.0,0.030647112552669355
adorvehim,adorvehim,,866,1892,21020,38010,Pacific Time (US & Canada),0,2,0,3,3,0.0,3.0,3.0,2.0,0.7142857142857143,0.8,0.0,0.0,0.044744115,164,7.349083140198683E-4,0.0,0.0
sinkoftears,sinkoftears,,396,1862,58166,42591,Amsterdam,0,2,0,3,3,0.0,3.0,3.0,2.0,0.7142857142857143,0.8,0.0,0.0,0.044744115,165,7.349083140198683E-4,0.0,0.0
yhacbec,yhacbec,,2085,1838,81854,2766,Central Time (US & Canada),0,8,0,10,10,0.0,10.0,10.0,3.0,0.7368421052631579,0.8452380952380951,0.0,0.0,0.060963146,166,7.349083140198683E-4,0.02222222276031971,0.0
brianwalkerchi,brianwalkerchi,,1228,1825,10177,259,Central Time (US & Canada),0,0,0,3,3,0.0,3.0,3.0,2.0,0.7142857142857143,0.8,0.0,0.0,0.069255285,167,7.349083140198683E-4,0.1666666716337204,0.0
cec_thaina,cec_thaina,,2730,1821,714,685,,0,2,0,3,3,0.0,3.0,3.0,2.0,0.8,0.875,0.0,0.0,0.023690313,168,7.349083140198683E-4,0.1666666716337204,0.0
agus420,agus420,,1670,1819,54134,62,Buenos Aires,0,0,0,5,5,0.0,5.0,5.0,1.0,1.0,1.0,0.0,0.0,0.056058448,169,7.349083140198683E-4,0.05000000074505806,0.0
johnni47973385,johnni47973385,,1312,1662,76016,21636,London,0,2,0,3,3,0.0,3.0,3.0,2.0,0.7142857142857143,0.8,0.0,0.0,0.042181026,170,7.349083140198683E-4,0.0,0.0
albertoguaranda,albertoguaranda,,1119,1633,67132,7422,Eastern Time (US & Canada),0,0,0,3,3,0.0,3.0,3.0,2.0,0.8,0.875,0.0,0.0,0.036082633,171,7.349083140198683E-4,0.0,0.0
nickyfox22,nickyfox22,,1507,1605,41964,86203,,0,0,0,6,6,0.0,6.0,6.0,1.0,1.0,1.0,0.0,0.0,0.012103569,172,7.349083140198683E-4,0.0,0.0
cronoyellow27,cronoyellow27,,2246,1568,83186,872,,0,5,1,2,3,1.0,2.0,3.0,1.0,1.0,1.0,0.0,0.0,0.0014133588,173,0.0012783528723108596,0.5,0.004165584184120854
california458,california458,,454,1552,4876,155120,,0,2,0,4,4,0.0,4.0,4.0,2.0,0.8333333333333334,0.9,0.0,0.0,0.03711024,174,7.349083140198683E-4,0.0,0.0
jamirocali,jamirocali,,1029,1532,82784,16117,Buenos Aires,0,2,0,3,3,0.0,3.0,3.0,2.0,0.7142857142857143,0.8,0.0,0.0,0.044744115,175,7.349083140198683E-4,0.0,0.0
kaenkay,kaenkay,,1926,1531,36631,359,Eastern Time (US & Canada),0,0,0,4,4,0.0,4.0,4.0,2.0,0.75,0.8333333333333334,0.0,0.0,0.05881051,176,7.349083140198683E-4,0.0833333358168602,0.0
saetta_mcqueen,saetta_mcqueen,,670,1517,21941,3631,Rome,0,3,1,4,5,1.0,4.0,5.0,2.0,0.6428571428571429,0.7222222222222222,8.0,0.0012841213,0.029852191,154,9.431778176504492E-4,0.15000000596046448,0.0029423920409498336
irina05791,irina05791,,2494,1513,1216,666,Volgograd,0,0,0,4,4,0.0,4.0,4.0,2.0,0.75,0.8333333333333334,0.0,0.0,0.05588912,177,7.349083140198683E-4,0.0833333358168602,0.0
dburgersdijk,dburgersdijk,,1075,1508,131678,98617,,0,7,0,4,4,0.0,4.0,4.0,1.0,1.0,1.0,0.0,0.0,0.05997522,178,7.349083140198683E-4,0.0833333358168602,0.0
crf_marcoos,crf_marcoos,,541,1498,16862,4924,Brasilia,0,2,0,3,3,0.0,3.0,3.0,1.0,1.0,1.0,0.0,0.0,0.019318743,179,7.349083140198683E-4,0.3333333432674408,0.0
vitors2000,vitors2000,,2201,1439,158620,1631,Brasilia,0,2,0,5,5,0.0,5.0,5.0,1.0,1.0,1.0,0.0,0.0,0.074366465,180,7.349083140198683E-4,0.15000000596046448,0.0
jubilantgirl,jubilantgirl,,1154,1400,33349,180,Berlin,0,0,0,3,3,0.0,3.0,3.0,2.0,0.8,0.875,0.0,0.0,0.02731402,181,7.349083140198683E-4,0.1666666716337204,0.0
mcrisever,mcrisever,,100,1382,327100,49,Buenos Aires,0,7,0,3,3,0.0,3.0,3.0,1.0,1.0,1.0,0.0,0.0,0.056660276,182,7.349083140198683E-4,0.1666666716337204,0.0
karol__crf,karol__crf,,942,1350,27767,1958,,0,2,0,3,3,0.0,3.0,3.0,2.0,0.8,0.875,0.0,0.0,0.023690313,183,7.349083140198683E-4,0.1666666716337204,0.0
jeejily,jeejily,,3173,1326,148176,8005,,0,2,0,6,6,0.0,6.0,6.0,2.0,0.875,0.9285714285714286,0.0,0.0,0.06966148,184,7.349083140198683E-4,0.06666667014360428,0.0
72kareem,72kareem,,1322,1306,2581,2120,,0,0,0,3,3,0.0,3.0,3.0,1.0,1.0,1.0,0.0,0.0,0.0061826548,185,7.349083140198683E-4,0.0,0.0
ffsgiovinco,ffsgiovinco,,2744,1282,64126,35551,Quito,0,8,1,2,3,1.0,2.0,3.0,1.0,1.0,1.0,2.0,4.6963714E-6,0.055047724,150,0.0010255514133666109,0.1666666716337204,0.004165584184120854
fatimazahra_s,fatimazahra_s,,1078,1250,13252,379,Pretoria,0,3,1,3,4,1.0,3.0,4.0,1.0,1.0,1.0,0.0,0.0,0.055047724,186,0.0010255514133666109,0.5,0.004165584184120854
johnefekute,johnefekute,,672,1250,48058,76,Amsterdam,0,2,0,4,4,0.0,4.0,4.0,1.0,1.0,1.0,0.0,0.0,0.035374455,187,7.349083140198683E-4,0.1666666716337204,0.0
patrick_henz,patrick_henz,,2003,1219,40152,849,Eastern Time (US & Canada),0,8,0,4,4,0.0,4.0,4.0,1.0,1.0,1.0,0.0,0.0,0.057214342,188,7.349083140198683E-4,0.0833333358168602,0.0
acarrilloa72,acarrilloa72,,1984,1216,41264,401,,0,3,0,3,3,0.0,3.0,3.0,1.0,1.0,1.0,0.0,0.0,0.055640195,189,7.349083140198683E-4,0.5,0.0
yt5528,yt5528,,1244,1208,52122,6456,Tokyo,0,5,0,5,5,0.0,5.0,5.0,2.0,0.8571428571428571,0.9166666666666666,0.0,0.0,0.02588584,190,7.349083140198683E-4,0.05000000074505806,0.0
ozillemnoslen,ozillemnoslen,,2055,1201,11816,3014,Eastern Time (US & Canada),0,3,0,3,3,0.0,3.0,3.0,1.0,1.0,1.0,0.0,0.0,0.05522525,191,7.349083140198683E-4,0.1666666716337204,0.0
fhollauf,fhollauf,,2166,1194,6196,2548,Hawaii,0,3,0,3,3,0.0,3.0,3.0,1.0,1.0,1.0,0.0,0.0,0.05544648,192,7.349083140198683E-4,0.1666666716337204,0.0
kendizzlex3,kendizzlex3,,427,1142,136700,42701,Berlin,0,0,0,3,3,0.0,3.0,3.0,1.0,1.0,1.0,0.0,0.0,0.05562236,193,7.349083140198683E-4,0.1666666716337204,0.0
ajl_f1,ajl_f1,,969,1140,4439,4309,Pacific Time (US & Canada),0,1,2,1,3,2.0,1.0,3.0,1.0,1.0,1.0,0.0,2.7649048E-6,1.266493E-7,119,0.0015031274755186491,0.3333333432674408,0.010160163568013471
carlitosj2011,carlitosj2011,,4002,1092,179607,722,Santiago,0,0,1,6,7,1.0,6.0,7.0,2.0,0.8571428571428571,0.9166666666666666,0.0,0.0,0.029807203,194,8.562360159779087E-4,0.23333333432674408,0.004165584184120854
sergiogvidrio,sergiogvidrio,,1260,1084,7413,63115,Guadalajara,0,2,0,4,4,0.0,4.0,4.0,1.0,1.0,1.0,0.0,0.0,0.033699933,195,7.349083140198683E-4,0.1666666716337204,0.0
pieroladisa,pieroladisa,,3061,1049,5453,2157,Pacific Time (US & Canada),0,8,3,1,4,3.0,1.0,4.0,0.0,0.0,0.0,0.0,0.0032112808,0.0,196,0.006167245537449134,0.3333333432674408,0.012496752552362555
correntable,correntable,,296,1028,107676,811,Amsterdam,0,0,1,5,6,1.0,5.0,6.0,1.0,1.0,1.0,0.0,0.0,0.05851799,197,8.854733881706214E-4,0.25,0.004165584184120854
nuzzl33man,nuzzl33man,,2268,1003,12875,11320,,0,0,1,3,4,1.0,3.0,4.0,2.0,0.75,0.8333333333333334,0.0,0.0,0.029025227,198,0.0010255514133666109,0.3333333432674408,0.004165584184120854
real_reka_chips,real_reka_chips,,2003,1003,25973,6019,Budapest,0,2,0,4,4,0.0,4.0,4.0,2.0,0.75,0.8333333333333334,0.0,0.0,0.05588912,199,7.349083140198683E-4,0.0833333358168602,0.0
hadymawasy,hadymawasy,,1522,1002,113430,15814,Riyadh,0,2,0,3,3,0.0,3.0,3.0,2.0,0.7142857142857143,0.8,0.0,0.0,0.05280126,200,7.349083140198683E-4,0.1666666716337204,0.0
thaisbehs,thaisbehs,,1297,955,192971,2838,Brasilia,0,4,0,3,3,0.0,3.0,3.0,1.0,1.0,1.0,0.0,0.0,0.0072574443,201,7.349083140198683E-4,0.0,0.0
alpdavies,alpdavies,,2207,949,18318,441,London,0,2,0,3,3,0.0,3.0,3.0,2.0,0.8,0.875,0.0,0.0,0.04970385,202,7.349083140198683E-4,0.1666666716337204,0.0
formulahumor,formulahumor,,39,931,5273,2560,Rome,0,2,29,0,29,29.0,0.0,29.0,0.0,0.0,0.0,0.0,0.06783367,0.0,74,0.006032815675792344,0.001231527072377503,0.09120304024780523
arseniy1980,arseniy1980,,5001,903,46526,41312,,0,2,0,6,6,0.0,6.0,6.0,2.0,0.875,0.9285714285714286,0.0,0.0,0.0672287,203,7.349083140198683E-4,0.06666667014360428,0.0
willie_blanton,willie_blanton,,158,894,58502,68950,Eastern Time (US & Canada),0,3,1,5,6,1.0,5.0,6.0,2.0,0.8333333333333334,0.9,0.0,0.0,0.07731572,204,8.854733881706214E-4,0.30000001192092896,0.004165584184120854
1986juventus,1986juventus,,2013,890,15798,14036,Pacific Time (US & Canada),0,7,1,3,4,1.0,3.0,4.0,2.0,0.625,0.7,0.0,0.0,0.02750043,205,0.0010255514133666109,0.3333333432674408,0.004165584184120854
juanbernalm,juanbernalm,,866,882,98918,5741,Bogota,0,5,0,14,14,0.0,14.0,14.0,2.0,0.9375,0.9666666666666667,0.0,0.0,0.101513825,206,7.349083140198683E-4,0.010989011265337467,0.0
fabi59460,fabi59460,,4453,882,60650,55972,,0,4,0,10,10,0.0,10.0,10.0,2.0,0.9166666666666666,0.9545454545454546,0.0,0.0,0.103223845,207,7.349083140198683E-4,0.02222222276031971,0.0
mohdawwal_,mohdawwal_,,277,879,13539,1532,,0,2,0,3,3,0.0,3.0,3.0,2.0,0.8,0.875,0.0,0.0,0.0232956,208,7.349083140198683E-4,0.1666666716337204,0.0
georgeyhowson95,georgeyhowson95,,604,861,8795,3736,Casablanca,0,1,1,2,3,1.0,2.0,3.0,1.0,1.0,1.0,1.0,5.5007763E-6,2.5303396E-7,209,8.91110441742804E-4,0.1666666716337204,0.0029423920409498336
fishtrenado,fishtrenado,,5001,836,242171,159794,Mexico City,0,7,0,12,12,0.0,12.0,12.0,1.0,1.0,1.0,0.0,0.0,0.06086509,210,7.349083140198683E-4,0.03030303120613098,0.0
fc3srx7rx7,fc3srx7rx7,,1231,824,46333,28722,,0,3,0,4,4,0.0,4.0,4.0,1.0,1.0,1.0,0.0,0.0,0.059107684,211,7.349083140198683E-4,0.0833333358168602,0.0
mathhscosta,mathhscosta,,407,821,20246,5731,Brasilia,0,2,0,3,3,0.0,3.0,3.0,1.0,1.0,1.0,0.0,0.0,0.019318743,212,7.349083140198683E-4,0.3333333432674408,0.0
filippo898,filippo898,,5001,820,140494,112173,Rome,0,2,0,9,9,0.0,9.0,9.0,2.0,0.8,0.875,0.0,0.0,0.093354814,213,7.349083140198683E-4,0.0416666679084301,0.0
hedelmelo,hedelmelo,,1646,799,5158,124,La Paz,0,0,0,3,3,0.0,3.0,3.0,2.0,0.7142857142857143,0.8,0.0,0.0,0.05280126,214,7.349083140198683E-4,0.1666666716337204,0.0
chrissiehotspur,chrissiehotspur,,2321,798,15415,5847,Sydney,0,0,0,6,6,0.0,6.0,6.0,2.0,0.75,0.8333333333333334,0.0,0.0,0.01451609,215,7.349083140198683E-4,0.0,0.0
the_awesone_19,the_awesone_19,,1063,787,51756,1559,Rome,0,8,0,4,4,0.0,4.0,4.0,1.0,1.0,1.0,0.0,0.0,0.029482638,216,7.349083140198683E-4,0.0833333358168602,0.0
serafinicole,serafinicole,,693,782,10810,4208,Athens,0,2,0,4,4,0.0,4.0,4.0,1.0,1.0,1.0,0.0,0.0,0.06068568,217,7.349083140198683E-4,0.1666666716337204,0.0
fiendkh__xlil,fiendkh__xlil,,402,754,66564,45107,Pacific Time (US & Canada),0,2,0,3,3,0.0,3.0,3.0,2.0,0.8,0.875,0.0,0.0,0.023690313,218,7.349083140198683E-4,0.1666666716337204,0.0
darioarv,darioarv,,1246,750,25378,852,Bogota,0,7,0,3,3,0.0,3.0,3.0,1.0,1.0,1.0,0.0,0.0,0.05595872,219,7.349083140198683E-4,0.1666666716337204,0.0
h3r3w3g03,h3r3w3g03,,166,746,8546,1808,Pacific Time (US & Canada),0,8,0,5,5,0.0,5.0,5.0,2.0,0.8571428571428571,0.9166666666666666,0.0,0.0,0.031837676,220,7.349083140198683E-4,0.05000000074505806,0.0
avracing6,avracing6,,1055,746,2214,436,,0,3,0,3,3,0.0,3.0,3.0,2.0,0.7142857142857143,0.8,0.0,0.0,0.042042173,221,7.349083140198683E-4,0.0,0.0
robinso47933191,robinso47933191,,2153,739,61950,187103,,0,2,0,3,3,0.0,3.0,3.0,2.0,0.7142857142857143,0.8,0.0,0.0,0.05280126,222,7.349083140198683E-4,0.1666666716337204,0.0
alycienta_44,alycienta_44,,954,724,30480,5498,Rome,0,3,1,4,5,1.0,4.0,5.0,1.0,1.0,1.0,0.0,0.0,0.05646108,223,9.332757657955334E-4,0.3333333432674408,0.004165584184120854
tindelcristhian,tindelcristhian,,707,718,7092,488,Santiago,0,0,0,4,4,0.0,4.0,4.0,2.0,0.8333333333333334,0.9,0.0,0.0,0.030628625,224,7.349083140198683E-4,0.1666666716337204,0.0
americoscatena,americoscatena,,2391,715,15766,31271,,0,8,1,17,18,1.0,17.0,18.0,2.0,0.8636363636363636,0.9210526315789473,0.0,0.0,0.060673423,225,7.735967072564552E-4,0.07352941483259201,0.004165584184120854
siddiqbashar,siddiqbashar,,728,711,19110,6202,Central Time (US & Canada),0,8,0,4,4,0.0,4.0,4.0,1.0,1.0,1.0,0.0,0.0,0.05974493,226,7.349083140198683E-4,0.0833333358168602,0.0
federicolescano,federicolescano,,934,696,18439,5290,Santiago,0,7,1,3,4,1.0,3.0,4.0,1.0,1.0,1.0,0.0,0.0,0.02762501,227,0.0010255514133666109,0.3333333432674408,0.004165584184120854
blueboopsc,blueboopsc,,1135,690,20772,2924,America/Mexico_City,0,5,0,3,3,0.0,3.0,3.0,1.0,1.0,1.0,0.0,0.0,0.008682964,228,7.349083140198683E-4,0.0,0.0
ferrarinelcuore,ferrarinelcuore,,118,679,10372,1196,,0,2,1,2,3,1.0,2.0,3.0,3.0,0.5,0.611111111111111,5.0,0.0015408468,0.0031071904,76,8.91110441742804E-4,0.1666666716337204,0.0029423920409498336
pimsterenberg,pimsterenberg,,376,671,79685,73766,,0,3,0,8,8,0.0,8.0,8.0,1.0,1.0,1.0,0.0,0.0,0.069596775,229,7.349083140198683E-4,0.0357142873108387,0.0
lauraduracell,lauraduracell,,927,671,22730,4665,Athens,0,7,0,3,3,0.0,3.0,3.0,1.0,1.0,1.0,0.0,0.0,0.0022388166,230,7.349083140198683E-4,0.1666666716337204,0.0
bizzartino,bizzartino,,482,660,14141,8597,Quito,0,0,0,3,3,0.0,3.0,3.0,1.0,1.0,1.0,0.0,0.0,0.061056975,231,7.349083140198683E-4,0.1666666716337204,0.0
kleoshloss1,kleoshloss1,,1377,653,7930,1188,Moscow,0,4,0,4,4,0.0,4.0,4.0,2.0,0.75,0.8333333333333334,0.0,0.0,0.045405015,232,7.349083140198683E-4,0.0,0.0
gucepeda,gucepeda,,606,635,7340,2179,Buenos Aires,0,2,0,4,4,0.0,4.0,4.0,2.0,0.75,0.8333333333333334,0.0,0.0,0.045342244,233,7.349083140198683E-4,0.0,0.0
lucasdeu,lucasdeu,,499,629,44140,10254,Buenos Aires,0,0,0,3,3,0.0,3.0,3.0,1.0,1.0,1.0,0.0,0.0,0.056659397,234,7.349083140198683E-4,0.1666666716337204,0.0
adolfomontalvop,adolfomontalvop,,573,629,6314,1255,Mexico City,0,3,0,3,3,0.0,3.0,3.0,1.0,1.0,1.0,0.0,0.0,0.055640195,235,7.349083140198683E-4,0.5,0.0
anamariia_k,anamariia_k,,396,628,52669,11437,Amsterdam,0,2,0,4,4,0.0,4.0,4.0,2.0,0.75,0.8333333333333334,0.0,0.0,0.05881051,236,7.349083140198683E-4,0.0833333358168602,0.0
teamamgf1,teamamgf1,,2274,627,10131,3457,,0,2,0,6,6,0.0,6.0,6.0,2.0,0.875,0.9285714285714286,0.0,0.0,0.070975065,237,7.349083140198683E-4,0.06666667014360428,0.0
emma2kroby,emma2kroby,,577,618,30867,3795,,0,2,0,3,3,0.0,3.0,3.0,2.0,0.8,0.875,0.0,0.0,0.023690313,238,7.349083140198683E-4,0.1666666716337204,0.0
robertobaann,robertobaann,,1307,589,38766,5203,Caracas,0,2,0,4,4,0.0,4.0,4.0,1.0,1.0,1.0,0.0,0.0,0.06068568,239,7.349083140198683E-4,0.1666666716337204,0.0
explenture,explenture,,943,582,30477,32,America/New_York,0,3,0,4,4,0.0,4.0,4.0,2.0,0.8333333333333334,0.9,0.0,0.0,0.08023711,240,7.349083140198683E-4,0.1666666716337204,0.0
dennybartowski,dennybartowski,,788,579,15069,431,Madrid,0,3,1,2,3,1.0,2.0,3.0,1.0,1.0,1.0,0.0,0.0,0.027435856,241,0.0012783528723108596,0.5,0.004165584184120854
_dieciagosto,_dieciagosto,,1818,576,48549,74276,Rome,0,8,0,7,7,0.0,7.0,7.0,2.0,0.8888888888888888,0.9375,0.0,0.0,0.030750483,244,7.349083140198683E-4,0.02380952425301075,0.0
humbertodarold,humbertodarold,,1647,575,6842,7080,,0,7,0,4,4,0.0,4.0,4.0,2.0,0.8333333333333334,0.9,0.0,0.0,0.02646786,245,7.349083140198683E-4,0.0833333358168602,0.0
atljie,atljie,,938,571,26770,3613,Madrid,0,0,1,2,3,1.0,2.0,3.0,2.0,0.6666666666666666,0.75,0.0,0.0,0.027611868,246,0.0012783528723108596,0.5,0.004165584184120854
mauro_serafin,mauro_serafin,,1462,568,16258,4336,Rome,0,2,0,3,3,0.0,3.0,3.0,2.0,0.7142857142857143,0.8,0.0,0.0,0.044744115,247,7.349083140198683E-4,0.0,0.0
videsjavi,videsjavi,,352,566,103797,80432,,0,8,0,3,3,0.0,3.0,3.0,1.0,1.0,1.0,0.0,0.0,0.05695439,248,7.349083140198683E-4,0.1666666716337204,0.0
scotland2888,scotland2888,,616,552,39929,23876,London,0,4,0,11,11,0.0,11.0,11.0,2.0,0.9230769230769231,0.9583333333333334,0.0,0.0,0.10482407,249,7.349083140198683E-4,0.0181818176060915,0.0
oz_f1_motogp,oz_f1_motogp,,177,551,24146,2060,Adelaide,0,0,0,3,3,0.0,3.0,3.0,1.0,1.0,1.0,0.0,0.0,0.056659397,250,7.349083140198683E-4,0.1666666716337204,0.0
hzq_hzmn,hzq_hzmn,,170,548,41592,497,Kuala Lumpur,0,4,0,3,3,0.0,3.0,3.0,1.0,1.0,1.0,0.0,0.0,0.057838265,251,7.349083140198683E-4,0.1666666716337204,0.0
william50386522,william50386522,,5001,541,6685,13046,,0,2,0,3,3,0.0,3.0,3.0,2.0,0.7142857142857143,0.8,0.0,0.0,0.05280126,252,7.349083140198683E-4,0.1666666716337204,0.0
mjeedalhidan,mjeedalhidan,,191,539,38144,2951,Riyadh,0,0,0,3,3,0.0,3.0,3.0,1.0,1.0,1.0,0.0,0.0,0.056659397,253,7.349083140198683E-4,0.1666666716337204,0.0
wagnercabbral,wagnercabbral,,1327,535,89841,158,Santiago,0,3,0,3,3,0.0,3.0,3.0,1.0,1.0,1.0,0.0,0.0,0.0051456336,254,7.349083140198683E-4,0.0,0.0
tandarica48,tandarica48,,9,529,19763,27885,Amsterdam,0,2,0,4,4,0.0,4.0,4.0,2.0,0.8333333333333334,0.9,0.0,0.0,0.034247488,255,7.349083140198683E-4,0.0,0.0
nori_333,nori_333,,1028,524,18137,5370,Tokyo,0,2,0,3,3,0.0,3.0,3.0,2.0,0.8,0.875,0.0,0.0,0.0232956,256,7.349083140198683E-4,0.1666666716337204,0.0
delaclarinette,delaclarinette,,987,521,7621,2415,Athens,0,7,0,3,3,0.0,3.0,3.0,2.0,0.8,0.875,0.0,0.0,0.02773864,257,7.349083140198683E-4,0.1666666716337204,0.0
kaikgrig,kaikgrig,,421,517,3915,6151,Quito,0,5,1,2,3,1.0,2.0,3.0,1.0,1.0,1.0,0.0,0.0,0.004366647,258,0.0012783528723108596,0.5,0.004165584184120854
carvajavo,carvajavo,,1643,517,5456,491,Central America,0,7,0,3,3,0.0,3.0,3.0,2.0,0.8,0.875,0.0,0.0,0.0030432825,259,7.349083140198683E-4,0.1666666716337204,0.0
fia_formula_1,fia_formula_1,,2475,506,497,17,Pacific Time (US & Canada),0,5,3,1,4,3.0,1.0,4.0,0.0,0.0,0.0,0.0,0.0028584034,0.0,260,0.005747474024729598,0.3333333432674408,0.012496752552362555
jeseluna8,jeseluna8,,390,505,9401,4942,Mexico City,0,7,1,3,4,1.0,3.0,4.0,2.0,0.75,0.8333333333333334,0.0,0.0,0.028040413,261,0.0010255514133666109,0.3333333432674408,0.004165584184120854
john_stickel,john_stickel,,102,500,150344,134909,Bern,0,0,0,4,4,0.0,4.0,4.0,2.0,0.8333333333333334,0.9,0.0,0.0,0.08023711,262,7.349083140198683E-4,0.1666666716337204,0.0
htswjgblues1,htswjgblues1,,675,499,128404,4440,Tokyo,0,2,0,3,3,0.0,3.0,3.0,1.0,1.0,1.0,0.0,0.0,0.033249825,263,7.349083140198683E-4,0.3333333432674408,0.0
jgrodriguesf,jgrodriguesf,,336,497,15395,1815,Madrid,0,2,0,3,3,0.0,3.0,3.0,1.0,1.0,1.0,0.0,0.0,0.019149521,264,7.349083140198683E-4,0.3333333432674408,0.0
goodwoodmar5hal,goodwoodmar5hal,,681,490,4184,2692,,0,0,0,9,9,0.0,9.0,9.0,2.0,0.9090909090909091,0.95,0.0,0.0,0.095185824,265,7.349083140198683E-4,0.02777777798473835,0.0
f1_paraguay,f1_paraguay,,789,484,4130,320,Brasilia,0,0,5,1,6,5.0,1.0,6.0,0.0,0.0,0.0,0.0,0.0066009103,0.0,101,0.011576990981300484,0.30000001192092896,0.03119485613175822
camigl10,camigl10,,303,479,98,14319,Eastern Time (US & Canada),0,0,0,3,3,0.0,3.0,3.0,1.0,1.0,1.0,0.0,0.0,0.06602955,266,7.349083140198683E-4,0.1666666716337204,0.0
matazaleras97,matazaleras97,,378,478,19425,64349,Madrid,0,3,1,2,3,1.0,2.0,3.0,1.0,1.0,1.0,0.0,0.0,0.027435856,267,0.0012783528723108596,0.5,0.004165584184120854
nadalvettel,nadalvettel,,510,476,9076,2446,,0,3,1,2,3,1.0,2.0,3.0,1.0,1.0,1.0,0.0,0.0,0.027435856,268,0.0012783528723108596,0.5,0.004165584184120854
negro_piero,negro_piero,,584,466,4317,11497,,0,2,0,3,3,0.0,3.0,3.0,1.0,1.0,1.0,0.0,0.0,0.055645853,269,7.349083140198683E-4,0.1666666716337204,0.0
carolbrnal,carolbrnal,,957,456,29981,86572,Hawaii,0,2,0,3,3,0.0,3.0,3.0,2.0,0.8,0.875,0.0,0.0,0.023690313,270,7.349083140198683E-4,0.1666666716337204,0.0
cdl450tvr,cdl450tvr,,1818,453,7233,2145,,0,8,0,3,3,0.0,3.0,3.0,2.0,0.8,0.875,0.0,0.0,0.025400974,271,7.349083140198683E-4,0.1666666716337204,0.0
aniketkhomane,aniketkhomane,,247,450,20976,11,,0,4,0,4,4,0.0,4.0,4.0,2.0,0.8333333333333334,0.9,0.0,0.0,0.047059033,272,7.349083140198683E-4,0.0,0.0
io_miky,io_miky,,326,448,49641,19148,Sydney,0,1,1,3,4,1.0,3.0,4.0,1.0,1.0,1.0,0.0,0.0,0.028801039,273,0.0010255514133666109,0.3333333432674408,0.004165584184120854
julien_f1,julien_f1,,559,444,1539,64,Amsterdam,0,0,0,3,3,0.0,3.0,3.0,2.0,0.8,0.875,0.0,0.0,0.035232794,274,7.349083140198683E-4,0.0,0.0
f1fanster1217,f1fanster1217,,2708,440,2431,1842,,0,8,0,4,4,0.0,4.0,4.0,2.0,0.75,0.8333333333333334,0.0,0.0,0.046650782,275,7.349083140198683E-4,0.0,0.0
ivanngfok,ivanngfok,,369,435,19917,786,Buenos Aires,0,3,1,3,4,1.0,3.0,4.0,1.0,1.0,1.0,0.0,0.0,0.055047724,276,0.0010255514133666109,0.5,0.004165584184120854
odamax41,odamax41,,131,429,10651,2854,,0,6,0,3,3,0.0,3.0,3.0,2.0,0.7142857142857143,0.8,0.0,0.0,0.029358469,277,7.349083140198683E-4,0.0,0.0
naz3em,naz3em,,191,426,82414,3498,,0,0,0,5,5,0.0,5.0,5.0,2.0,0.8571428571428571,0.9166666666666666,0.0,0.0,0.08355206,278,7.349083140198683E-4,0.10000000149011612,0.0
ikolataworld,ikolataworld,,356,425,32175,53827,Athens,0,3,1,3,4,1.0,3.0,4.0,1.0,1.0,1.0,0.0,0.0,0.055047724,279,0.0010255514133666109,0.5,0.004165584184120854
mashiromartinez,mashiromartinez,,2516,425,8023,7775,Eastern Time (US & Canada),0,3,0,6,6,0.0,6.0,6.0,1.0,1.0,1.0,0.0,0.0,0.06861029,280,7.349083140198683E-4,0.03333333507180214,0.0
totalplayco,totalplayco,,2063,421,27756,5889,Hawaii,0,0,0,3,3,0.0,3.0,3.0,2.0,0.8,0.875,0.0,0.0,0.028320864,281,7.349083140198683E-4,0.0,0.0
essaarmsport,essaarmsport,,718,416,87,29,,0,1,4,0,4,4.0,0.0,4.0,0.0,0.0,0.0,0.0,0.0013121736,0.0,118,0.0017634643550568751,0.3333333432674408,0.01604494764991314
rojasandreaj,rojasandreaj,,276,412,46891,2837,Eastern Time (US & Canada),0,7,0,3,3,0.0,3.0,3.0,2.0,0.8,0.875,0.0,0.0,0.028238134,282,7.349083140198683E-4,0.1666666716337204,0.0
noawyne,noawyne,,260,411,7271,5300,Perth,0,8,0,3,3,0.0,3.0,3.0,1.0,1.0,1.0,0.0,0.0,0.05540547,283,7.349083140198683E-4,0.1666666716337204,0.0
jeantonnerot,jeantonnerot,,339,410,37900,621,,0,3,0,3,3,0.0,3.0,3.0,1.0,1.0,1.0,0.0,0.0,2.111592E-4,284,7.349083140198683E-4,0.0,0.0
1972boro,1972boro,,188,408,19612,55309,,0,0,0,6,6,0.0,6.0,6.0,1.0,1.0,1.0,0.0,0.0,0.06635638,285,7.349083140198683E-4,0.03333333507180214,0.0
martincandiab,martincandiab,,674,403,569,91,,0,7,0,3,3,0.0,3.0,3.0,2.0,0.7142857142857143,0.8,0.0,0.0,0.0023295209,286,7.349083140198683E-4,0.0,0.0
kate_samayoa,kate_samayoa,,338,391,12015,22811,,0,3,0,4,4,0.0,4.0,4.0,1.0,1.0,1.0,0.0,0.0,0.059837505,287,7.349083140198683E-4,0.0833333358168602,0.0
rc_xtr3m,rc_xtr3m,,733,389,14832,14828,Paris,0,3,0,7,7,0.0,7.0,7.0,1.0,1.0,1.0,0.0,0.0,0.03326465,289,7.349083140198683E-4,0.0476190485060215,0.0
corra_davide,corra_davide,,714,388,15058,6779,Rome,0,2,1,2,3,1.0,2.0,3.0,2.0,0.6,0.6666666666666666,0.0,0.0,0.0142075615,290,0.0012783528723108596,0.5,0.004165584184120854
23senna,23senna,,421,382,13320,7429,,0,3,0,4,4,0.0,4.0,4.0,1.0,1.0,1.0,0.0,0.0,0.02914263,291,7.349083140198683E-4,0.0,0.0
williammwangi,williammwangi,,466,382,8874,6217,Quito,0,2,0,4,4,0.0,4.0,4.0,1.0,1.0,1.0,0.0,0.0,0.034615006,292,7.349083140198683E-4,0.1666666716337204,0.0
f1gregory,f1gregory,,77,381,669,208,,0,4,1,5,6,1.0,5.0,6.0,2.0,0.8571428571428571,0.9166666666666666,4.0,3.196285E-4,0.028542226,148,8.91110441742804E-4,0.10000000149011612,0.0029423920409498336
amsuazac,amsuazac,,1154,380,30119,24809,,0,3,0,6,6,0.0,6.0,6.0,1.0,1.0,1.0,0.0,0.0,0.062100023,293,7.349083140198683E-4,0.03333333507180214,0.0
jero_charlone,jero_charlone,,264,380,2887,141,Buenos Aires,0,2,0,4,4,0.0,4.0,4.0,2.0,0.75,0.8333333333333334,0.0,0.0,0.051302183,294,7.349083140198683E-4,0.0833333358168602,0.0
ispanico14,ispanico14,,542,378,9626,10655,Rome,0,2,0,4,4,0.0,4.0,4.0,2.0,0.7,0.7857142857142857,0.0,0.0,0.04874441,295,7.349083140198683E-4,0.0,0.0
saporteza,saporteza,,72,378,102985,346,Hong Kong,0,2,0,3,3,0.0,3.0,3.0,1.0,1.0,1.0,0.0,0.0,0.033249825,296,7.349083140198683E-4,0.3333333432674408,0.0
f1_daniel5,f1_daniel5,,727,377,3940,6798,,0,8,0,3,3,0.0,3.0,3.0,1.0,1.0,1.0,0.0,0.0,0.0060547097,297,7.349083140198683E-4,0.0,0.0
lunaazul3003,lunaazul3003,,433,377,2875,1197,,0,3,0,3,3,0.0,3.0,3.0,1.0,1.0,1.0,0.0,0.0,0.028106397,298,7.349083140198683E-4,0.0,0.0
factuallmpala,factuallmpala,,608,375,2747,2954,Pacific Time (US & Canada),0,8,0,3,3,0.0,3.0,3.0,2.0,0.8,0.875,0.0,0.0,0.004510906,299,7.349083140198683E-4,0.0,0.0
racetimeru,racetimeru,,278,369,12857,11,Baghdad,0,5,1,6,7,1.0,6.0,7.0,2.0,0.7777777777777778,0.8571428571428571,0.0,0.0,0.01840446,300,8.562360159779087E-4,0.1666666716337204,0.004165584184120854
briceoka,briceoka,,224,367,30780,2664,Casablanca,0,1,0,4,4,0.0,4.0,4.0,2.0,0.8333333333333334,0.9,0.0,0.0,0.05676331,301,7.349083140198683E-4,0.0833333358168602,0.0
cuscorepublica,cuscorepublica,,207,359,18667,3048,,0,4,0,5,5,0.0,5.0,5.0,1.0,1.0,1.0,0.0,0.0,0.07449489,302,7.349083140198683E-4,0.05000000074505806,0.0
jess_car,jess_car,,380,359,15430,7017,London,0,0,1,2,3,1.0,2.0,3.0,2.0,0.6666666666666666,0.75,0.0,0.0,0.027611868,303,0.0012783528723108596,0.5,0.004165584184120854
giulialabo,giulialabo,,148,357,7247,14849,Ljubljana,0,5,1,6,7,1.0,6.0,7.0,2.0,0.875,0.9285714285714286,6.0,0.00136455,0.06593219,153,9.353797220072503E-4,0.1190476194024086,0.003967086480611744
vittoria510,vittoria510,,1143,354,13835,24756,,0,5,0,3,3,0.0,3.0,3.0,2.0,0.8,0.875,0.0,0.0,0.0077837706,304,7.349083140198683E-4,0.3333333432674408,0.0
stormjnyoureyes,stormjnyoureyes,,283,353,19058,24875,Pacific Time (US & Canada),0,2,0,3,3,0.0,3.0,3.0,2.0,0.7142857142857143,0.8,0.0,0.0,0.044744115,305,7.349083140198683E-4,0.0,0.0
sarik31,sarik31,,502,350,11594,9203,Rome,0,2,0,3,3,0.0,3.0,3.0,2.0,0.7142857142857143,0.8,0.0,0.0,0.044744115,306,7.349083140198683E-4,0.0,0.0
djpbut,djpbut,,483,349,39722,7388,,0,5,0,8,8,0.0,8.0,8.0,1.0,1.0,1.0,0.0,0.0,0.013566117,307,7.349083140198683E-4,0.0,0.0
nezuburu,nezuburu,,475,348,15542,60411,Tokyo,0,4,0,5,5,0.0,5.0,5.0,1.0,1.0,1.0,0.0,0.0,0.009701002,308,7.349083140198683E-4,0.0,0.0
bruce_lee23,bruce_lee23,,178,347,47229,9163,Eastern Time (US & Canada),0,2,0,3,3,0.0,3.0,3.0,2.0,0.7142857142857143,0.8,0.0,0.0,0.069255285,309,7.349083140198683E-4,0.1666666716337204,0.0
kupsie91,kupsie91,,246,347,1613,884,,0,2,0,3,3,0.0,3.0,3.0,2.0,0.8,0.875,0.0,0.0,0.052625246,310,7.349083140198683E-4,0.1666666716337204,0.0
natan_silva77,natan_silva77,,1492,345,37762,35187,,0,0,0,6,6,0.0,6.0,6.0,2.0,0.875,0.9285714285714286,0.0,0.0,0.080819905,311,7.349083140198683E-4,0.06666667014360428,0.0
kplumel,kplumel,,176,343,6116,5042,,0,1,0,3,3,0.0,3.0,3.0,2.0,0.8,0.875,0.0,0.0,0.030436277,312,7.349083140198683E-4,0.0,0.0
fersantangelo,fersantangelo,,429,334,42112,704,,0,8,0,7,7,0.0,7.0,7.0,1.0,1.0,1.0,0.0,0.0,0.035360776,314,7.349083140198683E-4,0.02380952425301075,0.0
isaias582,isaias582,,706,330,16606,1194,Central Time (US & Canada),0,0,0,3,3,0.0,3.0,3.0,1.0,1.0,1.0,0.0,0.0,0.061056975,315,7.349083140198683E-4,0.1666666716337204,0.0
amsinyeccion,amsinyeccion,,406,325,3041,1685,,0,4,0,3,3,0.0,3.0,3.0,1.0,1.0,1.0,0.0,0.0,0.055708624,316,7.349083140198683E-4,0.1666666716337204,0.0
charlybrown93,charlybrown93,,542,320,16525,215,,0,2,0,3,3,0.0,3.0,3.0,2.0,0.8,0.875,0.0,0.0,0.0232956,317,7.349083140198683E-4,0.1666666716337204,0.0
marco_rv94,marco_rv94,,539,315,3225,10355,Pacific Time (US & Canada),0,2,0,3,3,0.0,3.0,3.0,2.0,0.6666666666666666,0.75,0.0,0.0,0.021308554,318,7.349083140198683E-4,0.0,0.0
josephf198,josephf198,,197,313,26723,23590,Pacific Time (US & Canada),0,3,0,3,3,0.0,3.0,3.0,1.0,1.0,1.0,0.0,0.0,0.05516822,319,7.349083140198683E-4,0.1666666716337204,0.0
eko_sap56963457,eko_sap56963457,,1670,313,11736,11279,Pacific Time (US & Canada),0,8,0,19,19,0.0,19.0,19.0,2.0,0.88,0.9318181818181818,0.0,0.0,0.047509734,320,7.349083140198683E-4,0.017543859779834747,0.0
en_aizuddin,en_aizuddin,,288,312,47850,960,Kuala Lumpur,0,2,0,3,3,0.0,3.0,3.0,2.0,0.7142857142857143,0.8,0.0,0.0,0.044744115,321,7.349083140198683E-4,0.0,0.0
hashimamla03ha,hashimamla03ha,,502,311,2016,174,Pacific Time (US & Canada),0,4,0,3,3,0.0,3.0,3.0,1.0,1.0,1.0,0.0,0.0,0.0061947345,322,7.349083140198683E-4,0.0,0.0
ritaaladeen5,ritaaladeen5,,196,310,25611,5956,Casablanca,0,1,0,3,3,0.0,3.0,3.0,1.0,1.0,1.0,0.0,0.0,0.05641291,323,7.349083140198683E-4,0.1666666716337204,0.0
yoshua_h,yoshua_h,,213,310,29884,839,Jakarta,0,4,0,8,8,0.0,8.0,8.0,1.0,1.0,1.0,0.0,0.0,0.0865602,324,7.349083140198683E-4,0.01785714365541935,0.0
adhyra80,adhyra80,,152,304,4147,73004,,0,0,0,3,3,0.0,3.0,3.0,1.0,1.0,1.0,0.0,0.0,0.056506947,325,7.349083140198683E-4,0.1666666716337204,0.0
antomdcccxxi,antomdcccxxi,,281,302,4982,601,Athens,0,2,0,3,3,0.0,3.0,3.0,2.0,0.7142857142857143,0.8,0.0,0.0,0.044744115,326,7.349083140198683E-4,0.0,0.0
shel_hwds,shel_hwds,,164,298,1259,198,Perth,0,3,0,3,3,0.0,3.0,3.0,1.0,1.0,1.0,0.0,0.0,0.0051456336,327,7.349083140198683E-4,0.0,0.0
knightcharon,knightcharon,,572,295,6081,451,London,0,0,0,4,4,0.0,4.0,4.0,1.0,1.0,1.0,0.0,0.0,0.06065574,328,7.349083140198683E-4,0.0833333358168602,0.0
tigersolidsnake,tigersolidsnake,,831,295,8355,24798,Bern,0,3,0,3,3,0.0,3.0,3.0,1.0,1.0,1.0,0.0,0.0,0.055799685,329,7.349083140198683E-4,0.1666666716337204,0.0
megalomaxi92,megalomaxi92,,566,293,8989,15199,Rome,0,0,0,3,3,0.0,3.0,3.0,1.0,1.0,1.0,0.0,0.0,0.05941437,330,7.349083140198683E-4,0.1666666716337204,0.0
thomasmiles77,thomasmiles77,,1027,292,2441,2305,,0,1,0,4,4,0.0,4.0,4.0,2.0,0.75,0.8333333333333334,0.0,0.0,1.2033674E-4,331,7.349083140198683E-4,0.25,0.0
adrysns916,adrysns916,,511,292,40229,12062,Mumbai,0,0,0,3,3,0.0,3.0,3.0,1.0,1.0,1.0,0.0,0.0,0.055278726,332,7.349083140198683E-4,0.1666666716337204,0.0
oxodox,oxodox,,1368,285,3241,1277,West Central Africa,0,0,1,2,3,1.0,2.0,3.0,2.0,0.6666666666666666,0.75,0.0,0.0,0.027611868,333,0.0012783528723108596,0.5,0.004165584184120854
dodajpodaj,dodajpodaj,,207,285,4890,6428,Zagreb,0,3,0,3,3,0.0,3.0,3.0,1.0,1.0,1.0,0.0,0.0,0.058984183,334,7.349083140198683E-4,0.1666666716337204,0.0
ladakatokkon,ladakatokkon,,610,279,4036,9,Beijing,0,0,1,2,3,1.0,2.0,3.0,2.0,0.6666666666666666,0.75,0.0,0.0,0.027611868,335,0.0012783528723108596,0.5,0.004165584184120854
jyc73,jyc73,,581,275,1484,5049,London,0,0,0,3,3,0.0,3.0,3.0,1.0,1.0,1.0,0.0,0.0,0.061056975,336,7.349083140198683E-4,0.1666666716337204,0.0
mattyc16_,mattyc16_,,691,273,2413,931,,0,3,1,3,4,1.0,3.0,4.0,1.0,1.0,1.0,0.0,0.0,0.055047724,337,0.0010255514133666109,0.5,0.004165584184120854
luizeduardo1311,luizeduardo1311,,322,271,18275,94027,,0,0,0,3,3,0.0,3.0,3.0,1.0,1.0,1.0,0.0,0.0,0.06602955,338,7.349083140198683E-4,0.1666666716337204,0.0
tigerzx59,tigerzx59,,2058,267,16552,13363,,0,3,1,2,3,1.0,2.0,3.0,1.0,1.0,1.0,0.0,0.0015205324,0.031372312,288,8.241666727186887E-4,0.3333333432674408,0.0029423920409498336
josemanuel_28,josemanuel_28,,467,266,14091,3854,Guadalajara,0,7,0,3,3,0.0,3.0,3.0,1.0,1.0,1.0,0.0,0.0,0.0016399921,339,7.349083140198683E-4,0.0,0.0
mireillebrigit,mireillebrigit,,289,265,2177,21690,Greenland,0,5,0,12,12,0.0,12.0,12.0,2.0,0.8333333333333334,0.9,0.0,0.0,0.048966907,340,7.349083140198683E-4,0.0,0.0
alfredobravo17,alfredobravo17,,743,263,29010,5597,,0,0,0,3,3,0.0,3.0,3.0,1.0,1.0,1.0,0.0,0.0,0.055608373,341,7.349083140198683E-4,0.1666666716337204,0.0
amilcar07gm,amilcar07gm,,756,260,4878,1233,Mexico City,0,1,0,6,6,0.0,6.0,6.0,2.0,0.75,0.8333333333333334,0.0,0.0,0.028405627,342,7.349083140198683E-4,0.06666667014360428,0.0
tokyo_to_japan,tokyo_to_japan,,299,260,6614,1312,Tokyo,0,0,0,4,4,0.0,4.0,4.0,1.0,1.0,1.0,0.0,0.0,0.05771358,343,7.349083140198683E-4,0.0833333358168602,0.0
cohenleoncarlos,cohenleoncarlos,,780,256,8717,937,Mexico City,0,0,0,3,3,0.0,3.0,3.0,1.0,1.0,1.0,0.0,0.0,0.056659397,344,7.349083140198683E-4,0.1666666716337204,0.0
drifdk,drifdk,,237,255,17501,54,,0,3,0,3,3,0.0,3.0,3.0,1.0,1.0,1.0,0.0,0.0,2.111592E-4,345,7.349083140198683E-4,0.0,0.0
lelecoccia,lelecoccia,,27,252,45495,24958,Hawaii,0,2,0,3,3,0.0,3.0,3.0,2.0,0.8,0.875,0.0,0.0,0.023690313,346,7.349083140198683E-4,0.1666666716337204,0.0
henry_albertof1,henry_albertof1,,735,251,13317,11083,Central Time (US & Canada),0,3,0,3,3,0.0,3.0,3.0,1.0,1.0,1.0,0.0,0.0,0.05528285,347,7.349083140198683E-4,0.1666666716337204,0.0
wimsadmojo,wimsadmojo,,398,250,11428,13155,Eastern Time (US & Canada),0,2,0,3,3,0.0,3.0,3.0,2.0,0.7142857142857143,0.8,0.0,0.0,0.05280126,348,7.349083140198683E-4,0.1666666716337204,0.0
sicial,sicial,,587,246,1176,0,Rome,0,3,1,2,3,1.0,2.0,3.0,1.0,1.0,1.0,0.0,0.0,0.027435856,349,0.0012783528723108596,0.5,0.004165584184120854
iamshaishak,iamshaishak,,216,243,12034,171,Kuala Lumpur,0,4,0,3,3,0.0,3.0,3.0,1.0,1.0,1.0,0.0,0.0,0.057783406,350,7.349083140198683E-4,0.1666666716337204,0.0
alejand20099936,alejand20099936,,328,240,17520,18237,,0,5,0,18,18,0.0,18.0,18.0,1.0,1.0,1.0,0.0,0.0,0.118293,351,7.349083140198683E-4,0.009803921915590763,0.0
smolenskyandrew,smolenskyandrew,,1351,238,4256,518,,0,8,0,3,3,0.0,3.0,3.0,1.0,1.0,1.0,0.0,0.0,0.003086254,352,7.349083140198683E-4,0.0,0.0
phonexfly,phonexfly,,329,237,30442,32069,Mountain Time (US & Canada),0,0,0,3,3,0.0,3.0,3.0,1.0,1.0,1.0,0.0,0.0,0.05941437,353,7.349083140198683E-4,0.1666666716337204,0.0
jaymilee_,jaymilee_,,536,232,12652,544,London,0,6,0,3,3,0.0,3.0,3.0,2.0,0.7142857142857143,0.8,0.0,0.0,0.034978837,354,7.349083140198683E-4,0.0,0.0
gremlins2012,gremlins2012,,1343,232,18280,415,Greenland,0,7,0,3,3,0.0,3.0,3.0,2.0,0.8,0.875,0.0,0.0,0.032614775,355,7.349083140198683E-4,0.0,0.0
elisagaggioli,elisagaggioli,,189,228,9789,4515,London,0,8,2,1,3,2.0,1.0,3.0,0.0,0.0,0.0,0.0,0.0014056101,0.0,242,0.0054758571635581356,0.5,0.008331168368241708
awaisssss_,awaisssss_,,29,228,18113,32714,,0,2,0,6,6,0.0,6.0,6.0,1.0,1.0,1.0,0.0,0.0,0.08971986,356,7.349083140198683E-4,0.10000000149011612,0.0
jenlove48,jenlove48,,219,225,19467,8203,,0,8,0,5,5,0.0,5.0,5.0,1.0,1.0,1.0,0.0,0.0,0.029125243,357,7.349083140198683E-4,0.05000000074505806,0.0
francorral711,francorral711,,231,225,5673,2138,Mid-Atlantic,0,7,0,4,4,0.0,4.0,4.0,1.0,1.0,1.0,0.0,0.0,0.02857043,358,7.349083140198683E-4,0.0,0.0
hermibaby,hermibaby,,336,225,42410,43475,,0,1,0,6,6,0.0,6.0,6.0,1.0,1.0,1.0,0.0,0.0,0.07613967,359,7.349083140198683E-4,0.03333333507180214,0.0
joana3028,joana3028,,2066,223,3026,512,,0,2,0,9,9,0.0,9.0,9.0,2.0,0.9090909090909091,0.95,0.0,0.0,0.07631061,360,7.349083140198683E-4,0.0416666679084301,0.0
baulemargherite,baulemargherite,,506,215,13592,24283,,0,5,0,3,3,0.0,3.0,3.0,2.0,0.8,0.875,0.0,0.0,0.0077837706,361,7.349083140198683E-4,0.3333333432674408,0.0
_moscardino,_moscardino,,212,214,8300,22,Eastern Time (US & Canada),0,3,1,3,4,1.0,3.0,4.0,1.0,1.0,1.0,0.0,0.0,0.055047724,362,0.0010255514133666109,0.5,0.004165584184120854
cdjlvv,cdjlvv,,486,213,17772,96,,0,7,0,3,3,0.0,3.0,3.0,1.0,1.0,1.0,0.0,0.0,0.055483136,363,7.349083140198683E-4,0.1666666716337204,0.0
grandprixfundf1,grandprixfundf1,,318,213,6064,948,America/Los_Angeles,0,2,0,3,3,0.0,3.0,3.0,2.0,0.8,0.875,0.0,0.0,0.052625246,364,7.349083140198683E-4,0.1666666716337204,0.0
ss_may5,ss_may5,,126,211,35568,53647,Brasilia,0,4,0,7,7,0.0,7.0,7.0,2.0,0.8888888888888888,0.9375,0.0,0.0,0.045126956,365,7.349083140198683E-4,0.0,0.0
omega112,omega112,,487,209,21110,3983,Eastern Time (US & Canada),0,3,0,3,3,0.0,3.0,3.0,1.0,1.0,1.0,0.0,0.0,0.06310816,366,7.349083140198683E-4,0.1666666716337204,0.0
yas_ivettel,yas_ivettel,,345,209,39745,7376,Brussels,0,3,0,5,5,0.0,5.0,5.0,1.0,1.0,1.0,0.0,0.0,0.060193356,367,7.349083140198683E-4,0.05000000074505806,0.0
matthewnotmatt,matthewnotmatt,,423,204,13512,2357,London,0,0,0,3,3,0.0,3.0,3.0,1.0,1.0,1.0,0.0,0.0,0.057172354,368,7.349083140198683E-4,0.1666666716337204,0.0
dukeroba,dukeroba,,235,203,280,340,,0,4,0,3,3,0.0,3.0,3.0,2.0,0.8,0.875,0.0,0.0,0.03641166,369,7.349083140198683E-4,0.0,0.0
filhopaulo2012,filhopaulo2012,,130,201,37126,34528,,0,3,0,8,8,0.0,8.0,8.0,2.0,0.8333333333333334,0.9,0.0,0.0,0.085061684,370,7.349083140198683E-4,0.01785714365541935,0.0
meriuska,meriuska,,531,201,7124,377,London,0,3,0,4,4,0.0,4.0,4.0,1.0,1.0,1.0,0.0,0.0,0.00960425,371,7.349083140198683E-4,0.0,0.0
f1ygolf,f1ygolf,,145,198,2027,168,Caracas,0,7,1,2,3,1.0,2.0,3.0,1.0,1.0,1.0,1.0,0.0012653879,0.0011001531,372,9.431778176504492E-4,0.1666666716337204,0.0029423920409498336
cconcep240,cconcep240,,1163,197,1344,1000,Arizona,0,7,0,4,4,0.0,4.0,4.0,1.0,1.0,1.0,0.0,0.0,0.059760973,373,7.349083140198683E-4,0.0833333358168602,0.0
scarro_ny,scarro_ny,,252,197,910,864,Rome,0,5,0,3,3,0.0,3.0,3.0,2.0,0.8,0.875,0.0,0.0,0.0077837706,374,7.349083140198683E-4,0.3333333432674408,0.0
delavallee27,delavallee27,,127,196,21947,8171,,0,7,0,3,3,0.0,3.0,3.0,2.0,0.6666666666666666,0.75,0.0,0.0,0.025242131,375,7.349083140198683E-4,0.1666666716337204,0.0
moey2612,moey2612,,767,196,24399,8548,,0,2,0,3,3,0.0,3.0,3.0,2.0,0.7142857142857143,0.8,0.0,0.0,0.042181026,376,7.349083140198683E-4,0.0,0.0
ed96webchannel,ed96webchannel,,917,193,27748,20584,Rome,0,2,0,3,3,0.0,3.0,3.0,2.0,0.6666666666666666,0.75,0.0,0.0,0.021308554,377,7.349083140198683E-4,0.0,0.0
pvshatunov,pvshatunov,,347,191,17942,4373,,0,2,0,3,3,0.0,3.0,3.0,2.0,0.8,0.875,0.0,0.0,0.052625246,378,7.349083140198683E-4,0.1666666716337204,0.0
jessychiap17,jessychiap17,,281,186,3546,3490,Athens,0,3,1,4,5,1.0,4.0,5.0,1.0,1.0,1.0,0.0,0.0,0.032225635,379,9.332757657955334E-4,0.25,0.004165584184120854
januszcwikla,januszcwikla,,401,185,5231,36962,Ljubljana,0,2,0,6,6,0.0,6.0,6.0,1.0,1.0,1.0,0.0,0.0,0.09108809,380,7.349083140198683E-4,0.10000000149011612,0.0
joanne7r,joanne7r,,313,185,4317,7484,London,0,2,0,3,3,0.0,3.0,3.0,2.0,0.7142857142857143,0.8,0.0,0.0,0.049879864,381,7.349083140198683E-4,0.1666666716337204,0.0
mahmad4457,mahmad4457,,794,185,28013,15,,0,2,0,6,6,0.0,6.0,6.0,1.0,1.0,1.0,0.0,0.0,0.06342886,382,7.349083140198683E-4,0.06666667014360428,0.0
aitor10000,aitor10000,,550,183,3036,292,Hawaii,0,2,0,3,3,0.0,3.0,3.0,2.0,0.8,0.875,0.0,0.0,0.0232956,383,7.349083140198683E-4,0.1666666716337204,0.0
scud3k_,scud3k_,,541,180,8842,1752,Pacific Time (US & Canada),0,3,1,2,3,1.0,2.0,3.0,1.0,1.0,1.0,0.0,0.0,0.027435856,384,0.0012783528723108596,0.5,0.004165584184120854
ezzy99_,ezzy99_,,148,180,6765,1558,Hanoi,0,4,0,3,3,0.0,3.0,3.0,1.0,1.0,1.0,0.0,0.0,0.05750381,385,7.349083140198683E-4,0.1666666716337204,0.0
gnsolito,gnsolito,,932,178,1680,1426,Rome,0,2,5,0,5,5.0,0.0,5.0,0.0,0.0,0.0,0.0,0.01308518,0.0,155,0.0014812073686961164,0.0,0.014711960204749169
d_victormartil,d_victormartil,,137,177,2171,1649,Madrid,0,7,0,3,3,0.0,3.0,3.0,1.0,1.0,1.0,0.0,0.0,0.0016399921,386,7.349083140198683E-4,0.0,0.0
rajkumar_starz,rajkumar_starz,,548,175,11727,3161,,0,2,0,3,3,0.0,3.0,3.0,2.0,0.7142857142857143,0.8,0.0,0.0,0.044744115,387,7.349083140198683E-4,0.0,0.0
allischacon,allischacon,,19,175,6952,4,America/Bogota,0,7,0,3,3,0.0,3.0,3.0,2.0,0.8,0.875,0.0,0.0,0.02768285,388,7.349083140198683E-4,0.1666666716337204,0.0
afuerstenberg17,afuerstenberg17,,562,173,8480,6042,,0,6,0,3,3,0.0,3.0,3.0,1.0,1.0,1.0,0.0,0.0,0.055736687,389,7.349083140198683E-4,0.1666666716337204,0.0
perhapschiba,perhapschiba,,21,171,161,100,Hong Kong,0,4,0,3,3,0.0,3.0,3.0,2.0,0.8,0.875,0.0,0.0,0.031960104,390,7.349083140198683E-4,0.0,0.0
deportivamich,deportivamich,,189,167,6893,3750,Eastern Time (US & Canada),0,7,1,2,3,1.0,2.0,3.0,1.0,1.0,1.0,0.0,0.0,4.354139E-4,391,0.0012783528723108596,0.5,0.004165584184120854
pietroserri,pietroserri,,607,167,13896,13319,Santiago,0,3,0,3,3,0.0,3.0,3.0,1.0,1.0,1.0,0.0,0.0,0.055640195,392,7.349083140198683E-4,0.5,0.0
oto_sports,oto_sports,,53,165,31168,22539,,0,4,1,8,9,1.0,8.0,9.0,2.0,0.8888888888888888,0.9375,0.0,0.0,0.08637142,393,8.222970227959185E-4,0.1607142835855484,0.004165584184120854
realjohnyromero,realjohnyromero,,922,164,15946,4684,Eastern Time (US & Canada),0,0,0,3,3,0.0,3.0,3.0,2.0,0.8,0.875,0.0,0.0,0.028320864,394,7.349083140198683E-4,0.0,0.0
1medders1,1medders1,,336,163,4132,245,,0,2,0,3,3,0.0,3.0,3.0,2.0,0.7142857142857143,0.8,0.0,0.0,0.044744115,395,7.349083140198683E-4,0.0,0.0
laurent_bouchet,laurent_bouchet,,723,160,16254,1142,,0,7,0,5,5,0.0,5.0,5.0,2.0,0.8571428571428571,0.9166666666666666,0.0,0.0,0.04029637,396,7.349083140198683E-4,0.0,0.0
lewis_angelo,lewis_angelo,,104,160,37721,113,Madrid,0,7,0,3,3,0.0,3.0,3.0,1.0,1.0,1.0,0.0,0.0,0.0016399921,397,7.349083140198683E-4,0.0,0.0
diabloesparza,diabloesparza,,418,159,5691,5621,,0,0,0,4,4,0.0,4.0,4.0,2.0,0.8333333333333334,0.9,0.0,0.0,0.08023711,398,7.349083140198683E-4,0.1666666716337204,0.0
paciucci_olga,paciucci_olga,,257,158,6432,10838,,0,4,0,4,4,0.0,4.0,4.0,2.0,0.75,0.8333333333333334,0.0,0.0,0.0600497,399,7.349083140198683E-4,0.1666666716337204,0.0
maresjuan7,maresjuan7,,669,157,3988,2361,,0,3,0,3,3,0.0,3.0,3.0,1.0,1.0,1.0,0.0,0.0,0.055640195,400,7.349083140198683E-4,0.5,0.0
gummy_liz,gummy_liz,,397,154,10420,3041,Casablanca,0,1,0,4,4,0.0,4.0,4.0,1.0,1.0,1.0,0.0,0.0,0.060349364,401,7.349083140198683E-4,0.0833333358168602,0.0
jorge_rebe12,jorge_rebe12,,308,154,7594,5147,,0,2,0,3,3,0.0,3.0,3.0,2.0,0.8,0.875,0.0,0.0,0.0232956,402,7.349083140198683E-4,0.1666666716337204,0.0
andrea90f1,andrea90f1,,886,150,2446,81,,0,5,1,2,3,1.0,2.0,3.0,1.0,1.0,1.0,0.0,0.0,0.0010620399,403,0.0012783528723108596,0.5,0.004165584184120854
fabiobusolo,fabiobusolo,,255,148,3776,3894,Greenland,0,2,0,4,4,0.0,4.0,4.0,2.0,0.7,0.7857142857142857,0.0,0.0,0.04874441,404,7.349083140198683E-4,0.0,0.0
joyman007,joyman007,,181,147,5850,1888,London,0,2,1,2,3,1.0,2.0,3.0,2.0,0.6,0.6666666666666666,0.0,0.0,0.0142075615,405,0.0012783528723108596,0.5,0.004165584184120854
act_lightning,act_lightning,,174,145,25492,176,Istanbul,0,5,0,8,8,0.0,8.0,8.0,2.0,0.8333333333333334,0.9,0.0,0.0,0.056420695,406,7.349083140198683E-4,0.01785714365541935,0.0
luxuschrono,luxuschrono,,402,142,1867,3928,,0,1,0,4,4,0.0,4.0,4.0,2.0,0.7,0.7857142857142857,0.0,0.0,0.047551263,407,7.349083140198683E-4,0.0,0.0
arthshelby,arthshelby,,1314,141,261,4,Athens,0,3,1,2,3,1.0,2.0,3.0,1.0,1.0,1.0,0.0,0.0,0.027435856,408,0.0012783528723108596,0.5,0.004165584184120854
iclaud90,iclaud90,,88,140,61244,54448,Rome,0,5,0,3,3,0.0,3.0,3.0,2.0,0.8,0.875,0.0,0.0,0.0077837706,409,7.349083140198683E-4,0.3333333432674408,0.0
marcos12091989,marcos12091989,,383,140,7417,10767,Buenos Aires,0,5,0,5,5,0.0,5.0,5.0,2.0,0.8571428571428571,0.9166666666666666,0.0,0.0,0.039107665,410,7.349083140198683E-4,0.0,0.0
f1_girl_sv,f1_girl_sv,,170,135,5468,2551,,0,8,0,6,6,0.0,6.0,6.0,1.0,1.0,1.0,0.0,0.0,0.05937027,411,7.349083140198683E-4,0.03333333507180214,0.0
alayzell20297,alayzell20297,,106,132,200,700,Pacific Time (US & Canada),0,1,3,3,6,3.0,3.0,6.0,1.0,1.0,1.0,5.0,0.0013094202,6.023289E-5,120,0.0013740533694006352,0.1666666716337204,0.00985187056251141
deekaysss,deekaysss,,136,132,4650,7328,,0,0,0,3,3,0.0,3.0,3.0,1.0,1.0,1.0,0.0,0.0,0.055278726,412,7.349083140198683E-4,0.1666666716337204,0.0
mngming88,mngming88,,456,130,3156,15225,Kuala Lumpur,0,0,0,5,5,0.0,5.0,5.0,1.0,1.0,1.0,0.0,0.0,0.06358015,413,7.349083140198683E-4,0.05000000074505806,0.0
guanmingy,guanmingy,,137,129,2744,383,Beijing,0,0,0,5,5,0.0,5.0,5.0,1.0,1.0,1.0,0.0,0.0,0.06358015,414,7.349083140198683E-4,0.05000000074505806,0.0
erickreynal,erickreynal,,129,126,2096,919,Mexico City,0,5,0,4,4,0.0,4.0,4.0,2.0,0.8333333333333334,0.9,0.0,0.0,0.031217247,415,7.349083140198683E-4,0.0,0.0
eli_valli,eli_valli,,741,122,3479,1307,Rome,0,5,0,3,3,0.0,3.0,3.0,2.0,0.8,0.875,0.0,0.0,0.036082633,416,7.349083140198683E-4,0.0,0.0
nick_cat7,nick_cat7,,723,120,4883,1361,London,0,2,0,4,4,0.0,4.0,4.0,2.0,0.8333333333333334,0.9,0.0,0.0,0.06086169,417,7.349083140198683E-4,0.1666666716337204,0.0
godoy7967,godoy7967,,216,119,188,10,,0,0,0,3,3,0.0,3.0,3.0,2.0,0.8,0.875,0.0,0.0,0.039154343,418,7.349083140198683E-4,0.0,0.0
faqiherbara,faqiherbara,,43,119,9997,51,Pacific Time (US & Canada),0,0,0,3,3,0.0,3.0,3.0,2.0,0.8,0.875,0.0,0.0,0.036936067,419,7.349083140198683E-4,0.0,0.0
rbeef81,rbeef81,,358,118,959,2888,Eastern Time (US & Canada),0,2,0,4,4,0.0,4.0,4.0,1.0,1.0,1.0,0.0,0.0,0.015218696,420,7.349083140198683E-4,0.0,0.0
maiky_spindle,maiky_spindle,,270,114,20070,3563,Tokyo,0,2,0,3,3,0.0,3.0,3.0,2.0,0.8,0.875,0.0,0.0,0.0232956,421,7.349083140198683E-4,0.1666666716337204,0.0
lean_tperez,lean_tperez,,176,113,2177,304,,0,0,0,4,4,0.0,4.0,4.0,2.0,0.75,0.8333333333333334,0.0,0.0,0.05588912,422,7.349083140198683E-4,0.0833333358168602,0.0
allvpologjes,allvpologjes,,306,111,5419,1113,,0,8,0,3,3,0.0,3.0,3.0,2.0,0.8,0.875,0.0,0.0,0.0048473007,423,7.349083140198683E-4,0.0,0.0
ganedrarama,ganedrarama,,65,111,608,831,,0,3,1,2,3,1.0,2.0,3.0,1.0,1.0,1.0,0.0,0.0,0.027435856,424,0.0012783528723108596,0.5,0.004165584184120854
mardiso20,mardiso20,,147,110,14669,140,,0,3,0,3,3,0.0,3.0,3.0,2.0,0.6666666666666666,0.75,0.0,0.0,0.02976434,425,7.349083140198683E-4,0.1666666716337204,0.0
kkkrisuuu,kkkrisuuu,,263,110,710,17632,Helsinki,0,2,0,3,3,0.0,3.0,3.0,2.0,0.8,0.875,0.0,0.0,0.052625246,426,7.349083140198683E-4,0.1666666716337204,0.0
giova_s_89,giova_s_89,,84,109,3292,711,Rome,0,2,0,3,3,0.0,3.0,3.0,2.0,0.6666666666666666,0.75,0.0,0.0,0.021308554,427,7.349083140198683E-4,0.0,0.0
nycnyc,nycnyc,,154,109,2587,196,Eastern Time (US & Canada),0,3,1,3,4,1.0,3.0,4.0,1.0,1.0,1.0,0.0,0.0,0.055047724,428,0.0010255514133666109,0.5,0.004165584184120854
espectadepor,espectadepor,,474,109,1052,62,Pacific Time (US & Canada),0,0,0,3,3,0.0,3.0,3.0,1.0,1.0,1.0,0.0,0.0,0.058984183,429,7.349083140198683E-4,0.1666666716337204,0.0
tar_patri,tar_patri,,347,108,5475,4202,Buenos Aires,0,3,0,4,4,0.0,4.0,4.0,1.0,1.0,1.0,0.0,0.0,0.03258149,430,7.349083140198683E-4,0.0,0.0
abschile,abschile,,1165,108,650,81,,0,7,0,9,9,0.0,9.0,9.0,2.0,0.7647058823529411,0.8461538461538461,0.0,0.0,0.032184616,431,7.349083140198683E-4,0.0,0.0
nestor_cudra,nestor_cudra,,301,107,1063,1724,Atlantic Time (Canada),0,0,0,6,6,0.0,6.0,6.0,2.0,0.75,0.8333333333333334,0.0,0.0,0.057448853,432,7.349083140198683E-4,0.06666667014360428,0.0
niccydarling,niccydarling,,352,103,1160,370,Berlin,0,3,0,3,3,0.0,3.0,3.0,1.0,1.0,1.0,0.0,0.0,0.058984183,433,7.349083140198683E-4,0.1666666716337204,0.0
danielsahne94,danielsahne94,,105,102,11424,522,London,0,4,0,5,5,0.0,5.0,5.0,2.0,0.8571428571428571,0.9166666666666666,0.0,0.0,0.0826932,434,7.349083140198683E-4,0.10000000149011612,0.0
amitsingh8888,amitsingh8888,,295,100,398,250,Chennai,0,5,0,3,3,0.0,3.0,3.0,2.0,0.8,0.875,0.0,0.0,0.036082633,435,7.349083140198683E-4,0.0,0.0
isabells7,isabells7,,158,98,16638,1707,Athens,0,5,0,7,7,0.0,7.0,7.0,2.0,0.8181818181818182,0.8888888888888888,0.0,0.0,0.042541243,436,7.349083140198683E-4,0.0,0.0
thivsweety,thivsweety,,77,97,748,3319,,0,4,0,4,4,0.0,4.0,4.0,1.0,1.0,1.0,0.0,0.0,0.010493092,437,7.349083140198683E-4,0.0,0.0
miguell47314920,miguell47314920,,89,95,6317,10549,,0,0,0,5,5,0.0,5.0,5.0,1.0,1.0,1.0,0.0,0.0,0.066828005,438,7.349083140198683E-4,0.05000000074505806,0.0
flamminiog,flamminiog,,151,93,16738,6961,,0,4,0,4,4,0.0,4.0,4.0,2.0,0.75,0.8333333333333334,0.0,0.0,0.0600497,439,7.349083140198683E-4,0.1666666716337204,0.0
aagilang89,aagilang89,,440,92,1128,5,Jakarta,0,0,0,3,3,0.0,3.0,3.0,1.0,1.0,1.0,0.0,0.0,0.06310816,440,7.349083140198683E-4,0.1666666716337204,0.0
profesor_zeta,profesor_zeta,,477,92,4178,1316,Mexico City,0,7,0,3,3,0.0,3.0,3.0,1.0,1.0,1.0,0.0,0.0,0.05595872,441,7.349083140198683E-4,0.1666666716337204,0.0
jofairclough1,jofairclough1,,462,92,5142,46,,0,6,0,6,6,0.0,6.0,6.0,2.0,0.875,0.9285714285714286,0.0,0.0,0.013147456,442,7.349083140198683E-4,0.0,0.0
ant_testa979,ant_testa979,,136,88,1418,164,,0,2,0,3,3,0.0,3.0,3.0,2.0,0.6666666666666666,0.75,0.0,0.0,0.021308554,443,7.349083140198683E-4,0.0,0.0
nrothien,nrothien,,115,87,24862,27371,,0,0,0,4,4,0.0,4.0,4.0,1.0,1.0,1.0,0.0,0.0,0.05975016,444,7.349083140198683E-4,0.1666666716337204,0.0
smurf_118,smurf_118,,297,83,2082,3120,,0,6,0,8,8,0.0,8.0,8.0,2.0,0.9,0.9444444444444444,0.0,0.0,0.0921772,445,7.349083140198683E-4,0.0535714291036129,0.0
backofthegridf1,backofthegridf1,,257,83,108,45,,0,4,2,1,3,2.0,1.0,3.0,1.0,1.0,1.0,0.0,0.0030343581,1.3870145E-4,71,0.005260359488579124,0.5,0.008331168368241708
cineriz,cineriz,,83,82,10725,311,London,0,5,0,3,3,0.0,3.0,3.0,1.0,1.0,1.0,0.0,0.0,0.0036053793,446,7.349083140198683E-4,0.0,0.0
casulafede,casulafede,,53,82,199,4662,,0,3,1,2,3,1.0,2.0,3.0,1.0,1.0,1.0,0.0,0.0,0.027435856,447,0.0012783528723108596,0.5,0.004165584184120854
grantlawson80,grantlawson80,,275,79,2771,3822,,0,0,0,3,3,0.0,3.0,3.0,1.0,1.0,1.0,0.0,0.0,0.057172354,448,7.349083140198683E-4,0.1666666716337204,0.0
steffylucchy,steffylucchy,,227,78,756,524,,0,2,0,3,3,0.0,3.0,3.0,2.0,0.6666666666666666,0.75,0.0,0.0,0.021308554,449,7.349083140198683E-4,0.0,0.0
samuelpalummo,samuelpalummo,,230,78,1006,5000,,0,0,0,4,4,0.0,4.0,4.0,2.0,0.7,0.7857142857142857,0.0,0.0,0.057683583,450,7.349083140198683E-4,0.0833333358168602,0.0
pierostracuzzi1,pierostracuzzi1,,134,77,803,318,,0,2,0,6,6,0.0,6.0,6.0,2.0,0.75,0.8333333333333334,0.0,0.0,0.08029274,451,7.349083140198683E-4,0.03333333507180214,0.0
webbeloz,webbeloz,,158,74,3186,179,Rome,0,3,1,3,4,1.0,3.0,4.0,1.0,1.0,1.0,0.0,0.0,0.055047724,452,0.0010255514133666109,0.5,0.004165584184120854
glfioravanti,glfioravanti,,213,71,83,216,,0,3,1,2,3,1.0,2.0,3.0,1.0,1.0,1.0,0.0,0.0,0.0039364574,453,0.0012783528723108596,0.5,0.004165584184120854
fred35warrior,fred35warrior,,383,70,6422,15994,Paris,0,8,0,6,6,0.0,6.0,6.0,1.0,1.0,1.0,0.0,0.0,0.060506187,454,7.349083140198683E-4,0.03333333507180214,0.0
iceman7mouse,iceman7mouse,,162,69,775,166,,0,8,0,3,3,0.0,3.0,3.0,1.0,1.0,1.0,0.0,0.0,0.055426806,455,7.349083140198683E-4,0.1666666716337204,0.0
kazuyaformula,kazuyaformula,,101,67,3389,3314,,0,5,0,4,4,0.0,4.0,4.0,1.0,1.0,1.0,0.0,0.0,0.03168144,456,7.349083140198683E-4,0.0,0.0
abaza738,abaza738,,89,66,3573,19,Jerusalem,0,3,0,3,3,0.0,3.0,3.0,1.0,1.0,1.0,0.0,0.0,0.05540818,457,7.349083140198683E-4,0.3333333432674408,0.0
_i_love_racing,_i_love_racing,,216,66,7098,4213,Novosibirsk,0,6,0,11,11,0.0,11.0,11.0,2.0,0.9230769230769231,0.9583333333333334,0.0,0.0,0.10303574,458,7.349083140198683E-4,0.027272727340459824,0.0
br1nster,br1nster,,149,64,1050,1932,London,0,6,0,5,5,0.0,5.0,5.0,2.0,0.7777777777777778,0.8571428571428571,0.0,0.0,0.032349914,459,7.349083140198683E-4,0.0,0.0
acastillo1594,acastillo1594,,164,63,31429,198,,0,3,0,3,3,0.0,3.0,3.0,1.0,1.0,1.0,0.0,0.0,0.0025012335,460,7.349083140198683E-4,0.0,0.0
bhaskarsingh818,bhaskarsingh818,,111,63,1645,1405,Pacific Time (US & Canada),0,2,0,5,5,0.0,5.0,5.0,2.0,0.8571428571428571,0.9166666666666666,0.0,0.0,0.078738034,461,7.349083140198683E-4,0.10000000149011612,0.0
mark_pomfret,mark_pomfret,,263,62,1216,23,Quito,0,2,0,4,4,0.0,4.0,4.0,2.0,0.8333333333333334,0.9,0.0,0.0,0.06086169,462,7.349083140198683E-4,0.1666666716337204,0.0
labebekiss,labebekiss,,106,60,1939,6471,,0,2,0,3,3,0.0,3.0,3.0,2.0,0.8,0.875,0.0,0.0,0.023690313,463,7.349083140198683E-4,0.1666666716337204,0.0
svandoornefans,svandoornefans,,43,59,184,111,,0,0,1,3,4,1.0,3.0,4.0,2.0,0.75,0.8333333333333334,0.0,0.0,0.030926814,464,0.0010255514133666109,0.3333333432674408,0.004165584184120854
endwnsud,endwnsud,,87,57,8209,2590,Beijing,0,2,0,3,3,0.0,3.0,3.0,2.0,0.7142857142857143,0.8,0.0,0.0,0.044744115,465,7.349083140198683E-4,0.0,0.0
spina_ls,spina_ls,,156,56,378,644,,0,2,0,3,3,0.0,3.0,3.0,2.0,0.6666666666666666,0.75,0.0,0.0,0.021308554,466,7.349083140198683E-4,0.0,0.0
mscfan91,mscfan91,,87,54,3486,934,,0,0,0,3,3,0.0,3.0,3.0,1.0,1.0,1.0,0.0,0.0,0.056659397,467,7.349083140198683E-4,0.1666666716337204,0.0
brunocaetanome2,brunocaetanome2,,65,52,3045,3290,,0,2,0,3,3,0.0,3.0,3.0,2.0,0.8,0.875,0.0,0.0,0.0232956,468,7.349083140198683E-4,0.1666666716337204,0.0
darck_smocks,darck_smocks,,111,49,1430,1009,Pacific Time (US & Canada),0,6,0,6,6,0.0,6.0,6.0,2.0,0.8,0.875,0.0,0.0,0.07364307,469,7.349083140198683E-4,0.03333333507180214,0.0
lucacapvt,lucacapvt,,91,47,2089,3515,,0,2,0,4,4,0.0,4.0,4.0,2.0,0.75,0.8333333333333334,0.0,0.0,0.048680574,470,7.349083140198683E-4,0.0,0.0
rvmaarseveen,rvmaarseveen,,39,46,887,339,,0,4,0,3,3,0.0,3.0,3.0,2.0,0.8,0.875,0.0,0.0,0.032858495,471,7.349083140198683E-4,0.0,0.0
pangianpiter,pangianpiter,,199,44,2119,8731,,0,3,0,3,3,0.0,3.0,3.0,1.0,1.0,1.0,0.0,0.0,0.058984183,472,7.349083140198683E-4,0.1666666716337204,0.0
andsonthacizio,andsonthacizio,,372,44,382,76,,0,2,0,4,4,0.0,4.0,4.0,2.0,0.8333333333333334,0.9,0.0,0.0,0.08023711,473,7.349083140198683E-4,0.1666666716337204,0.0
rickdamerau,rickdamerau,,67,44,15703,1220,,0,0,0,3,3,0.0,3.0,3.0,1.0,1.0,1.0,0.0,0.0,0.058984183,474,7.349083140198683E-4,0.1666666716337204,0.0
giovannipalmeri,giovannipalmeri,,106,44,1708,785,Rome,0,2,0,3,3,0.0,3.0,3.0,2.0,0.7142857142857143,0.8,0.0,0.0,0.044744115,475,7.349083140198683E-4,0.0,0.0
protiereclaude,protiereclaude,,179,42,1915,3311,,0,7,0,3,3,0.0,3.0,3.0,1.0,1.0,1.0,0.0,0.0,0.0037042578,476,7.349083140198683E-4,0.0,0.0
renata55207670,renata55207670,,128,40,2491,2013,,0,3,0,3,3,0.0,3.0,3.0,1.0,1.0,1.0,0.0,0.0,0.0051456336,477,7.349083140198683E-4,0.0,0.0
stelvio_tahiru,stelvio_tahiru,,46,40,317,127,,0,2,0,4,4,0.0,4.0,4.0,2.0,0.8333333333333334,0.9,0.0,0.0,0.06086169,478,7.349083140198683E-4,0.1666666716337204,0.0
felipeferrari19,felipeferrari19,,95,40,1922,6127,,0,5,0,3,3,0.0,3.0,3.0,2.0,0.8,0.875,0.0,0.0,0.036082633,479,7.349083140198683E-4,0.0,0.0
robertoregalad,robertoregalad,,172,39,5300,1,Buenos Aires,0,5,0,6,6,0.0,6.0,6.0,1.0,1.0,1.0,0.0,0.0,0.06342693,480,7.349083140198683E-4,0.03333333507180214,0.0
michaelbobak,michaelbobak,,40,38,5611,14,Pacific Time (US & Canada),0,0,0,3,3,0.0,3.0,3.0,1.0,1.0,1.0,0.0,0.0,0.0024111639,481,7.349083140198683E-4,0.0,0.0
trbu56,trbu56,,298,36,5121,31,,0,5,0,3,3,0.0,3.0,3.0,2.0,0.8,0.875,0.0,0.0,0.036082633,482,7.349083140198683E-4,0.0,0.0
osorioedgar10,osorioedgar10,,22,36,1041,1073,Mountain Time (US & Canada),0,2,0,3,3,0.0,3.0,3.0,2.0,0.7142857142857143,0.8,0.0,0.0,0.044744115,483,7.349083140198683E-4,0.0,0.0
monaleeborah,monaleeborah,,198,35,179,434,,0,5,0,4,4,0.0,4.0,4.0,1.0,1.0,1.0,0.0,0.0,0.06351849,484,7.349083140198683E-4,0.0833333358168602,0.0
mapuxpohqvrc3bp,mapuxpohqvrc3bp,,74,35,136,23,,0,0,0,3,3,0.0,3.0,3.0,1.0,1.0,1.0,0.0,0.0,0.06310816,485,7.349083140198683E-4,0.1666666716337204,0.0
markel_tyler,markel_tyler,,238,34,42,11,,0,2,0,5,5,0.0,5.0,5.0,2.0,0.7777777777777778,0.8571428571428571,0.0,0.0,0.07836524,486,7.349083140198683E-4,0.05000000074505806,0.0
francovicente4,francovicente4,,54,34,3411,290,,0,7,0,3,3,0.0,3.0,3.0,2.0,0.8,0.875,0.0,0.0,0.03395022,487,7.349083140198683E-4,0.0,0.0
taitanikt,taitanikt,,251,34,4113,69,Muscat,0,5,0,3,3,0.0,3.0,3.0,1.0,1.0,1.0,0.0,0.0,0.05941437,488,7.349083140198683E-4,0.1666666716337204,0.0
paulkitto,paulkitto,,82,33,408,123,,0,6,0,4,4,0.0,4.0,4.0,2.0,0.8333333333333334,0.9,0.0,0.0,0.0063720215,489,7.349083140198683E-4,0.0,0.0
odaarksoul_,odaarksoul_,,279,31,270,229,Pacific Time (US & Canada),0,3,0,3,3,0.0,3.0,3.0,1.0,1.0,1.0,0.0,0.0,0.058984183,490,7.349083140198683E-4,0.1666666716337204,0.0
portalwebperu,portalwebperu,,132,31,120,70,Pacific Time (US & Canada),0,3,1,3,4,1.0,3.0,4.0,1.0,1.0,1.0,0.0,0.0,0.055047724,491,0.0010255514133666109,0.5,0.004165584184120854
snktheone,snktheone,,88,31,850,13,,0,2,0,3,3,0.0,3.0,3.0,2.0,0.8,0.875,0.0,0.0,0.029125847,492,7.349083140198683E-4,0.1666666716337204,0.0
distandrea,distandrea,,111,30,1420,54,,0,2,0,3,3,0.0,3.0,3.0,2.0,0.6666666666666666,0.75,0.0,0.0,0.021308554,493,7.349083140198683E-4,0.0,0.0
mattiacorti21,mattiacorti21,,83,30,1539,1501,,0,2,0,4,4,0.0,4.0,4.0,2.0,0.7,0.7857142857142857,0.0,0.0,0.04874441,494,7.349083140198683E-4,0.0,0.0
krloscm_,krloscm_,,153,29,2652,16,,0,0,0,3,3,0.0,3.0,3.0,1.0,1.0,1.0,0.0,0.0,0.057172354,495,7.349083140198683E-4,0.1666666716337204,0.0
nicosmyhusband6,nicosmyhusband6,,254,29,41,1255,,0,2,0,3,3,0.0,3.0,3.0,1.0,1.0,1.0,0.0,0.0,0.05814842,496,7.349083140198683E-4,0.1666666716337204,0.0
sftifosigr1,sftifosigr1,,217,25,1389,1451,,0,8,0,4,4,0.0,4.0,4.0,1.0,1.0,1.0,0.0,0.0,0.033658065,497,7.349083140198683E-4,0.0,0.0
maui27575,maui27575,,232,24,1517,827,,0,2,1,3,4,1.0,3.0,4.0,2.0,0.7142857142857143,0.8,7.0,1.4203078E-4,0.044744115,75,0.0011137164898624092,0.0833333358168602,0.003967086480611744
shwimp1138,shwimp1138,,119,23,5684,89,Paris,0,7,0,3,3,0.0,3.0,3.0,2.0,0.8,0.875,0.0,0.0,0.032614775,498,7.349083140198683E-4,0.0,0.0
niall_o87,niall_o87,,55,22,1701,30,,0,6,0,6,6,0.0,6.0,6.0,2.0,0.875,0.9285714285714286,0.0,0.0,0.065786466,499,7.349083140198683E-4,0.03333333507180214,0.0
suhikuwohite,suhikuwohite,,43,22,611,668,,0,4,0,6,6,0.0,6.0,6.0,1.0,1.0,1.0,0.0,0.0,0.062607646,500,7.349083140198683E-4,0.03333333507180214,0.0
cates_97,cates_97,,98,22,168,229,,0,3,0,3,3,0.0,3.0,3.0,1.0,1.0,1.0,0.0,0.0,0.032138288,501,7.349083140198683E-4,0.1666666716337204,0.0
joseotero773,joseotero773,,218,21,219,407,,0,0,0,3,3,0.0,3.0,3.0,1.0,1.0,1.0,0.0,0.0,0.057340793,502,7.349083140198683E-4,0.1666666716337204,0.0
jafbravo,jafbravo,,21,21,1715,5,Madrid,0,2,0,4,4,0.0,4.0,4.0,1.0,1.0,1.0,0.0,0.0,0.020881986,503,7.349083140198683E-4,0.0,0.0
berch_7,berch_7,,130,20,280,262,,0,2,0,3,3,0.0,3.0,3.0,2.0,0.6666666666666666,0.75,0.0,0.0,0.021308554,504,7.349083140198683E-4,0.0,0.0
danielapili5,danielapili5,,67,20,554,60,,0,2,0,6,6,0.0,6.0,6.0,1.0,1.0,1.0,0.0,0.0,0.0395021,505,7.349083140198683E-4,0.06666667014360428,0.0
eliaslauda,eliaslauda,,97,19,81,199,,0,7,0,3,3,0.0,3.0,3.0,2.0,0.7142857142857143,0.8,0.0,0.0,0.021115603,506,7.349083140198683E-4,0.0,0.0
messieterno,messieterno,,55,19,1044,114,,0,7,0,3,3,0.0,3.0,3.0,1.0,1.0,1.0,0.0,0.0,0.0016399921,507,7.349083140198683E-4,0.0,0.0
randomdude1155,randomdude1155,,236,19,9350,27,Pacific Time (US & Canada),0,0,0,5,5,0.0,5.0,5.0,1.0,1.0,1.0,0.0,0.0,0.06358015,508,7.349083140198683E-4,0.05000000074505806,0.0
moschettalucas,moschettalucas,,33,16,519,466,,0,3,0,3,3,0.0,3.0,3.0,1.0,1.0,1.0,0.0,0.0,0.02973801,509,7.349083140198683E-4,0.0,0.0
bailo18lorena,bailo18lorena,,25,16,2114,276,,0,2,0,5,5,0.0,5.0,5.0,2.0,0.7272727272727273,0.8125,0.0,0.0,0.04922996,510,7.349083140198683E-4,0.0,0.0
serycas,serycas,,102,16,187,165,Pacific Time (US & Canada),0,2,0,3,3,0.0,3.0,3.0,2.0,0.6666666666666666,0.75,0.0,0.0,0.021308554,511,7.349083140198683E-4,0.0,0.0
rodrigopablopot,rodrigopablopot,,117,15,2276,1290,Brasilia,0,0,0,3,3,0.0,3.0,3.0,1.0,1.0,1.0,0.0,0.0,0.061056975,512,7.349083140198683E-4,0.1666666716337204,0.0
pratmech,pratmech,,84,15,22,3,New Delhi,0,5,0,4,4,0.0,4.0,4.0,1.0,1.0,1.0,0.0,0.0,0.06351849,513,7.349083140198683E-4,0.0833333358168602,0.0
seby_bastian,seby_bastian,,29,15,521,10,,0,6,0,6,6,0.0,6.0,6.0,2.0,0.8,0.875,0.0,0.0,0.054332115,514,7.349083140198683E-4,0.03333333507180214,0.0
lellilorenzo5,lellilorenzo5,,39,12,162,8004,Pacific Time (US & Canada),0,2,0,3,3,0.0,3.0,3.0,2.0,0.8,0.875,0.0,0.0,0.04970385,515,7.349083140198683E-4,0.1666666716337204,0.0
nicolas58958140,nicolas58958140,,32,12,18,12,,0,7,0,6,6,0.0,6.0,6.0,2.0,0.8,0.875,0.0,0.0,0.060995173,516,7.349083140198683E-4,0.10000000149011612,0.0
chic__cherry,chic__cherry,,109,10,334,2,Seoul,0,6,0,4,4,0.0,4.0,4.0,1.0,1.0,1.0,0.0,0.0,0.05700571,517,7.349083140198683E-4,0.0833333358168602,0.0
alexey0579,alexey0579,,23,10,63,503,,0,5,0,3,3,0.0,3.0,3.0,1.0,1.0,1.0,0.0,0.0,0.0055838004,518,7.349083140198683E-4,0.0,0.0
ferrariworld79,ferrariworld79,,30,9,374,579,,0,2,0,3,3,0.0,3.0,3.0,2.0,0.7142857142857143,0.8,0.0,0.0,0.044744115,519,7.349083140198683E-4,0.0,0.0
_mic_mel,_mic_mel,,36,9,379,12,Dublin,0,7,0,3,3,0.0,3.0,3.0,1.0,1.0,1.0,0.0,0.0,0.056660276,520,7.349083140198683E-4,0.1666666716337204,0.0
lucasisabella57,lucasisabella57,,20,8,84,65,,0,7,0,3,3,0.0,3.0,3.0,1.0,1.0,1.0,0.0,0.0,0.05595872,521,7.349083140198683E-4,0.1666666716337204,0.0
lucaforti4,lucaforti4,,37,6,143,203,,0,4,0,3,3,0.0,3.0,3.0,1.0,1.0,1.0,0.0,0.0,0.016805371,522,7.349083140198683E-4,0.0,0.0
dursti85,dursti85,,15,5,105,39,,0,8,1,2,3,1.0,2.0,3.0,1.0,1.0,1.0,0.5,0.0014056101,0.055047724,243,8.241666727186887E-4,0.3333333432674408,0.0029423920409498336
benjami74285198,benjami74285198,,20,4,7,0,,0,1,0,3,3,0.0,3.0,3.0,2.0,0.8,0.875,0.0,0.0,0.0021547386,523,7.349083140198683E-4,0.0,0.0
scuderiafe,scuderiafe,,0,4,0,0,,0,8,3,0,3,3.0,0.0,3.0,0.0,0.0,0.0,0.0,0.0031692372,0.0,313,0.001157397878527618,0.0,0.008827176122849502
smr_200,smr_200,,16,4,661,48,New Delhi,0,5,0,3,3,0.0,3.0,3.0,1.0,1.0,1.0,0.0,0.0,0.05941437,524,7.349083140198683E-4,0.1666666716337204,0.0
sarafer91906692,sarafer91906692,,58,4,11,103,,0,5,0,3,3,0.0,3.0,3.0,2.0,0.8,0.875,0.0,0.0,0.0077837706,525,7.349083140198683E-4,0.3333333432674408,0.0
amirkhanvaned,amirkhanvaned,,13,1,145,92,,0,4,0,3,3,0.0,3.0,3.0,1.0,1.0,1.0,0.0,0.0,0.055708624,526,7.349083140198683E-4,0.1666666716337204,0.0
lilivpan,lilivpan,,39,1,25,6,,0,2,0,9,9,0.0,9.0,9.0,2.0,0.8461538461538461,0.9090909090909091,0.0,0.0,0.083539575,527,7.349083140198683E-4,0.013888888992369175,0.0
padanicos,padanicos,,85,1,6,6,,0,2,0,3,3,0.0,3.0,3.0,2.0,0.6666666666666666,0.75,0.0,0.0,0.021308554,528,7.349083140198683E-4,0.0,0.0
f1fanske,f1fanske,,36,0,11,0,,0,3,1,3,4,1.0,3.0,4.0,1.0,1.0,1.0,0.0,0.0,0.055047724,529,0.0010255514133666109,0.5,0.004165584184120854
